date,CO
2025-08-31,0.026593529205513673
2025-09-01,0.024891420726549048
2025-09-02,0.024402982297654367
2025-09-03,0.024797506159390074
2025-09-04,0.0276283371990544
2025-09-05,0.03240234639845586
2025-09-06,0.029381470005057427
2025-09-09,0.032386818493857654
2025-09-10,0.02324718533353144
2025-09-12,0.03222868429141469
2025-09-13,0.027468482000884822
2025-09-14,0.028963973816135965
2025-09-15,0.030260167514618887
2025-09-16,0.028712495920893092
2025-09-17,0.036185272171066346
2025-09-18,0.026890507771270656
2025-09-19,0.026847570481582657
2025-09-20,0.025820007433376684
2025-09-21,0.02670273735924102
2025-09-22,0.030468087958858362
2025-09-23,0.03715242676568902
2025-09-24,0.038488375689993116
2025-09-25,0.025771096343033813
2025-09-26,0.03214533133029839
2025-09-27,0.03377467821113591
2025-09-28,0.030047548886759493
2025-09-29,0.027006952220704428
2025-10-02,0.03089962239113218
2025-10-03,0.032457898024209286
2025-10-04,0.03664003682075612
2025-10-05,0.033815903276604664
2025-10-06,0.03378419830734337
2025-10-07,0.04259476784206029
2025-10-08,0.036343524094676186
2025-10-09,0.041368072634117466
2025-10-10,0.04062170055733331
2025-10-11,0.0332816312039032
2025-10-12,0.028122116269571944
2025-10-14,0.02838359688310939
2025-10-15,0.03325165056012673
2025-10-16,0.03023201800417601
2025-10-17,0.030829430360172074
2025-10-19,0.03370197068070848
2025-10-21,0.03203766682497882
2025-10-23,0.03223978027948752
2025-10-26,0.03184919051749257
2025-10-28,0.023785622322878626
2025-10-30,0.03385882847261962
2025-11-07,0.02805277141139446
2025-11-11,0.027285200580967967
2025-11-13,0.03346667491548809
2025-11-18,0.03208624254834096
2025-11-20,0.03168229381647209
2025-11-21,0.027004204958611337
2025-11-22,0.027520698518515612
2025-11-23,0.028460283087737997
2025-11-25,0.03061255977808915
2025-11-26,0.02574738761572314
2025-11-28,0.025004136631896177
2025-11-29,0.030230315051829677
2025-12-01,0.031045749852615323
2025-12-02,0.028498397473916633
2025-12-03,0.02729928510542297
2025-12-05,0.028220422483158144
2025-12-07,0.03059414267845984
2025-12-08,0.028890444236527816
2025-12-10,0.030447509936818957
2025-12-11,0.030696956559376945
2025-12-12,0.025446361801275585
2025-12-13,0.02901370219833878
2025-12-14,0.025975799677671753
2025-12-15,0.0252967737891907
2025-12-17,0.026877065323733428
2025-12-18,0.028183229614121248
2025-12-21,0.022398924330871716
2025-12-22,0.026462850445727618
2025-12-23,0.027044544194979682
2025-12-25,0.023884293868685284
2025-12-29,0.029546037895686574
2026-01-01,0.02796893328370074
2026-01-03,0.029794949386078615
2026-01-08,0.025472758938118168
2026-01-09,0.02867736754210694
2026-01-14,0.023622964916363502
2026-01-19,0.02941051320921325
2026-01-20,0.02444788097668519
2026-01-21,0.0253067441244762
2026-01-24,0.02740921375450083
2026-01-25,0.028472371373290412
2026-01-26,0.02978950950811779
2026-01-29,0.030511417298859884
2026-01-30,0.03232595340646885
2026-01-31,0.032280383951977853
2026-02-01,0.03095465301113247
2026-02-02,0.03143683954779428
2026-02-03,0.029942413241515062
2026-02-04,0.02517750341854869
2026-02-05,0.029430718232731516
2026-02-06,0.0328347692117032
2026-02-09,0.023660715595455392
2026-02-11,0.027043319946171197
2026-02-14,0.02698896493494936
2026-02-15,0.027542738876307815
2026-02-17,0.03318882372999789
2026-02-20,0.023810535685443987
2026-02-25,0.029911689345325454
2026-02-28,0.025702647906351666
2026-03-03,0.029521787326120544
2026-03-04,0.028952969968146926
2026-03-05,0.026331567570443908
2026-03-07,0.024338127557724052
2026-03-08,0.03357732903172331
2026-03-09,0.033756982050674664
2026-03-10,0.03319071960351157
2026-03-12,0.027837745836898346
2026-03-13,0.028441618317774198
2026-03-14,0.031151776000170092
2026-03-15,0.030871892730381476
2026-03-16,0.02869433386192839
2026-03-17,0.02665589006934695
2026-03-18,0.026267020276630873
2026-03-19,0.026528354137900993
2026-03-23,0.02667802254625997
2026-03-25,0.032709262993348476
2026-03-26,0.028756841513733485
2026-03-27,0.02884396237253759
2026-03-29,0.03257672416443986
2026-04-01,0.030279149509697716
2026-04-02,0.026126027204732602
2026-04-03,0.02594699509503606
2026-04-05,0.028202806501932604
2026-04-06,0.0303896757717349
2026-04-08,0.028316958129242027
2026-04-12,0.027801083265872956
2026-04-13,0.027961699160602937
2026-04-14,0.024959681524633674
2026-04-15,0.028492279623294876
2026-04-16,0.02715052780904728
2026-04-17,0.02613289522089682
2026-04-18,0.03072381977574717
2026-04-19,0.027567869093087467
2026-04-20,0.03177648554055121
2026-04-21,0.031563889891846844
2026-04-23,0.030194127701372277
2026-04-24,0.02991431394558538
2026-04-25,0.025488190923712253
2026-04-26,0.03320071544133124
2026-05-01,0.02487284155578187
2026-05-02,0.02481384656859775
2026-05-03,0.023598036460349987
2026-05-05,0.02984429078717387
2026-05-06,0.024738180283177764
2026-05-07,0.023074318714667946
2026-05-08,0.027418772577643295
2026-05-09,0.030194173345633683
2026-05-10,0.03018063975324802
2026-05-11,0.025552702641249418
2026-05-12,0.026028996648036085
2026-05-13,0.030565201517358694
2026-05-14,0.021905446011176312
2026-05-15,0.028887615097079256
2026-05-16,0.027319264376980252
2026-05-17,0.026198959522650805
2026-05-18,0.02875284546834454
2026-05-19,0.027797234154815286
2026-05-20,0.03218130129033469
2026-05-21,0.02789720816920535
2026-05-22,0.027445383437751044
2026-05-23,0.031109889869138072
2026-05-24,0.03500671964171971
2026-05-26,0.03259003285436661
2026-05-27,0.029110555844842782
2026-05-28,0.03140715629161743
2026-05-29,0.03257717018643856
2026-05-30,0.02643830466173738
2026-05-31,0.030024193186211003
2026-06-01,0.026052711940079118
2026-06-02,0.034142431929709095
2026-06-03,0.03180012105693481
2026-06-04,0.028145859493620903
2026-06-05,0.028211391929758953
2026-06-06,0.023311789126953975
2026-06-07,0.02919049358157701
2026-06-08,0.029960808305722873
2026-06-09,0.033030982905653865
2026-06-10,0.03308312029903141
2026-06-11,0.030361084268069317
2026-06-13,0.026760172365800684
2026-06-14,0.029188050892996132
2026-06-15,0.026464039917891244
2026-06-16,0.02987253550153785
2026-06-17,0.025499721140655872
2026-06-18,0.03319065061743807
2026-06-19,0.030446544314412197
2026-06-20,0.031709058902375596
2026-06-21,0.02990610756220447
2026-06-22,0.025641413583124464
2026-06-23,0.03133297137384516
2026-06-24,0.027944318422109017
2026-06-25,0.029344340607944545
2026-06-26,0.02755693107914307
2026-06-27,0.03142671552868022
2026-06-28,0.03220066424245785
2026-06-29,0.0215908823166185
2026-06-30,0.03284619776667745
2026-07-01,0.02930667623273696
2026-07-02,0.03083234645793271
2026-07-03,0.027281696745970953
2026-07-04,0.02435737121607757
2026-07-05,0.027315374668047714
2026-07-06,0.028671379615522602
2026-07-07,0.03273600740278397
2026-07-08,0.03210888645769742
2026-07-09,0.03170824078399584
2026-07-10,0.029654316107655655
2026-07-12,0.03129498385471756
2026-07-13,0.031085099831232397
2026-07-14,0.02607974493579753
2026-07-15,0.02744174839453919
2026-07-16,0.02520002910620188
2026-07-17,0.028809022702016157
2026-07-18,0.030453184775347697
2026-07-19,0.030595798054679074
2026-07-20,0.03081900028101218
2026-07-21,0.0335577803989159
2026-07-22,0.03651689842042541
2026-07-23,0.0393810374197019
2026-07-24,0.034440655687590485
2026-07-25,0.02984802232852557
2026-07-26,0.027701236851909488
2026-07-28,0.031915005047033894
2026-07-29,0.0365215967034712
2026-07-30,0.03226204036515543
2026-07-31,0.02885187168198037
2026-08-01,0.030494160392887642
2026-08-02,0.028418765699072864
2026-08-03,0.028981712516682287
2026-08-04,0.030670862066843666
2026-08-05,0.02713189930259539
2026-08-06,0.026456301640674338
2026-08-07,0.02931461502981062
2026-08-08,0.03031761900568153
2026-08-09,0.03278891990658868
2026-08-10,0.03444145154333089
2026-08-11,0.03155681872388761
2026-08-12,0.026873815756992537
2026-08-13,0.03080523987952583
2026-08-14,0.037324809981226406
2026-08-15,0.034001306684708854
2026-08-16,0.034667892378540933
2026-08-17,0.03234603363936753
2026-08-18,0.029928099497748578
2026-08-19,0.029351653847324896
2026-08-20,0.02593082223519894
2026-08-21,0.02779036436659247
2026-08-22,0.0291534218503894
2026-08-23,0.03208970631079314
2026-08-24,0.029996100461965516
2026-08-25,0.03239430863333002
2026-08-26,0.027723076944696445
2026-08-27,0.03289225578389386
2026-08-28,0.039330236233522275
2026-08-29,0.03452518454111668
2026-08-30,0.03375296872336929
