date,SO2
2025-08-31,5.190649798006102e-05
2025-09-01,-1.015163164212113e-06
2025-09-02,2.0860144582100127e-05
2025-09-03,5.581613565857934e-05
2025-09-04,3.764051275351079e-05
2025-09-05,-1.5866471393832585e-05
2025-09-06,-1.2412552827354035e-05
2025-09-07,2.4628488539616132e-06
2025-09-08,6.0807208842346075e-05
2025-09-09,6.202280616367833e-06
2025-09-10,2.5023863891825755e-05
2025-09-11,-4.546640411187426e-05
2025-09-12,-1.2705984214681962e-05
2025-09-13,4.102586204974427e-06
2025-09-14,2.557696229622732e-05
2025-09-15,2.5606440894403685e-06
2025-09-16,3.343452772270301e-05
2025-09-17,-3.0235473697257805e-05
2025-09-18,2.8967158633997663e-06
2025-09-19,-6.473594368134685e-06
2025-09-20,6.544302799551755e-06
2025-09-21,9.732651933179784e-06
2025-09-22,8.254133993492246e-05
2025-09-23,2.6530482407053924e-05
2025-09-24,4.213942453463767e-05
2025-09-25,4.6369730735937996e-05
2025-09-26,9.01465387565144e-06
2025-09-27,-2.1129561351297718e-05
2025-09-28,1.715687627493491e-05
2025-09-29,5.505701719790904e-06
2025-09-30,-2.4151645770607642e-05
2025-10-01,1.8760862818950904e-06
2025-10-02,1.3731416850468465e-05
2025-10-03,-1.7970018114985871e-06
2025-10-04,1.5401291296326345e-05
2025-10-05,1.8381068134157705e-05
2025-10-06,2.744926283704119e-05
2025-10-07,1.8021970448638677e-05
2025-10-08,9.91758118345288e-07
2025-10-09,-2.0326724559390764e-06
2025-10-10,5.972364695018422e-05
2025-10-11,-2.9669481859782175e-05
2025-10-12,5.076689372064821e-06
2025-10-13,2.0524018249404384e-05
2025-10-14,8.878547023678816e-07
2025-10-15,1.8672366403993396e-05
2025-10-16,-2.106340016559832e-05
2025-10-17,-1.7837938538686952e-05
2025-10-18,2.5105827963470193e-07
2025-10-19,-1.1778030404452933e-05
2025-10-20,-7.457413587111307e-06
2025-10-21,1.5914971062955611e-06
2025-10-22,8.086223045833988e-06
2025-10-23,-7.064886223763897e-06
2025-10-24,3.1473824784750685e-05
2025-10-25,1.9694575452614868e-07
2025-10-26,-2.6487028129270223e-06
2025-10-27,1.0028123494184157e-05
2025-10-28,3.500796496159403e-06
2025-10-29,2.501284603792272e-05
2025-10-30,9.290029116395604e-06
2025-10-31,6.428836692157907e-06
2025-11-01,-2.0579647363869187e-05
2025-11-02,2.0084570033054673e-05
2025-11-03,-3.063887541861797e-05
2025-11-04,2.094181959355399e-05
2025-11-05,-4.4073866375504605e-06
2025-11-06,1.271428128668265e-06
2025-11-07,8.570148711417334e-05
2025-11-08,1.3513015519665815e-05
2025-11-09,3.88494603845899e-05
2025-11-10,3.9753045354317636e-05
2025-11-11,7.937176824371898e-05
2025-11-12,-2.2020799446983015e-05
2025-11-13,-2.651346466825539e-05
2025-11-14,1.974734810613718e-06
2025-11-15,-1.4368653277052933e-07
2025-11-16,-2.3898654566013934e-05
2025-11-17,1.868482016916913e-05
2025-11-18,2.25907550302569e-05
2025-11-19,5.44517307506897e-06
2025-11-20,-1.8110524194359825e-05
2025-11-21,6.865784300278409e-06
2025-11-22,0.00013916894347683193
2025-11-23,-1.754398392780943e-06
2025-11-24,1.1048216556403403e-05
2025-11-25,1.1654070092927145e-05
2025-11-26,7.207753753606081e-06
2025-11-27,1.3231888813717803e-05
2025-11-28,6.139640173921956e-05
2025-11-29,2.3674413685516097e-05
2025-11-30,1.6207901178587977e-05
2025-12-01,-1.671118747982003e-05
2025-12-02,4.470664950864403e-05
2025-12-03,6.256268793930059e-06
2025-12-04,-1.878426196298667e-05
2025-12-05,-4.515974108133131e-05
2025-12-06,1.3684722352960552e-07
2025-12-07,2.934815525139453e-05
2025-12-08,0.00013508875115709906
2025-12-09,-2.0856568826793087e-05
2025-12-10,-8.044895859481714e-06
2025-12-11,4.587246060603062e-05
2025-12-12,-1.2821862922849687e-05
2025-12-13,1.3352334124489365e-05
2025-12-14,-3.877762924204014e-05
2025-12-15,2.4962294038632336e-05
2025-12-16,-2.9434949343039584e-05
2025-12-17,-1.5132955658677447e-05
2025-12-18,-2.170495045364801e-05
2025-12-19,-2.8091158637122255e-06
2025-12-20,5.9624399499699e-06
2025-12-21,-3.4266905607694216e-05
2025-12-22,-2.1823930960161517e-05
2025-12-23,0.00011741243298187851
2025-12-24,3.238507345728006e-05
2025-12-25,-9.036514989394653e-06
2025-12-26,4.4515395135063304e-05
2025-12-27,9.54384257931731e-06
2025-12-28,-1.0773680507217088e-05
2025-12-29,0.0001907970719822301
2025-12-30,2.4077537045566946e-05
2025-12-31,1.3827341897033227e-05
2026-01-01,1.856630779948636e-05
2026-01-02,4.180637117550475e-06
2026-01-03,1.5529693544592494e-05
2026-01-04,4.7526519315529244e-05
2026-01-05,-3.561221777305391e-06
2026-01-06,-1.9649217963168762e-05
2026-01-07,1.332357614655923e-05
2026-01-08,6.97820721925244e-05
2026-01-09,-2.9392422468023644e-05
2026-01-10,1.245750539966749e-05
2026-01-11,4.450965789409947e-06
2026-01-12,2.1890046012818747e-05
2026-01-13,-2.2032178990454665e-05
2026-01-14,1.4664429356017418e-05
2026-01-15,1.098299923977947e-05
2026-01-16,-4.737956971967792e-06
2026-01-17,5.0414453173721654e-05
2026-01-18,2.6725805739163835e-05
2026-01-19,4.410637409272496e-05
2026-01-20,9.06557526918152e-06
2026-01-21,-6.693828543737028e-07
2026-01-22,1.1562739375732325e-05
2026-01-23,-8.728305561676483e-06
2026-01-24,5.812749650047939e-06
2026-01-25,5.118815330953065e-06
2026-01-26,-6.849432261070566e-06
2026-01-27,6.923041670044129e-06
2026-01-28,-1.678211885608372e-05
2026-01-29,-4.6782744292644336e-06
2026-01-30,-6.946279744331478e-06
2026-01-31,3.1667713227865304e-05
2026-02-01,-1.1614807244909678e-05
2026-02-02,5.1938303758348034e-05
2026-02-03,-7.519290265137299e-06
2026-02-04,2.9656390593015043e-06
2026-02-05,-1.9223333410152682e-05
2026-02-06,1.7966114403003107e-05
2026-02-07,-1.5524570896009224e-05
2026-02-08,-6.752259848532611e-06
2026-02-09,9.271785516820567e-06
2026-02-10,2.1491722625065084e-06
2026-02-11,-1.2824452582773356e-05
2026-02-12,-7.133156555694569e-06
2026-02-13,1.9300301149356654e-05
2026-02-14,3.5411144762866612e-06
2026-02-15,3.997274689696972e-05
2026-02-16,-3.240145029822415e-05
2026-02-17,2.6214633266332886e-05
2026-02-18,-4.127672342206425e-05
2026-02-19,2.3616775638696035e-05
2026-02-20,2.6012656052067443e-05
2026-02-21,-1.6082993522114255e-05
2026-02-22,2.932463605841031e-05
2026-02-23,-3.5671645958528774e-06
2026-02-24,2.544776654461951e-05
2026-02-25,8.12491022716011e-06
2026-02-26,1.9737490479242224e-05
2026-02-27,-1.1329511234589604e-05
2026-02-28,2.5106283384483848e-05
2026-03-01,-1.6877686342031902e-05
2026-03-02,3.32687874690668e-05
2026-03-03,9.665181458435102e-07
2026-03-04,-1.5223427617204041e-05
2026-03-05,-2.287134234156027e-05
2026-03-06,4.0012829015029434e-06
2026-03-07,1.9783291025441396e-06
2026-03-08,-6.194831560708383e-06
2026-03-09,8.42938498062459e-06
2026-03-10,3.1194970079985856e-05
2026-03-11,4.356437442074935e-05
2026-03-12,1.522729845334497e-05
2026-03-13,6.30775458445032e-06
2026-03-14,3.454630111316736e-05
2026-03-15,-7.795963572229399e-07
2026-03-16,-1.035880417816003e-05
2026-03-17,-1.667540638954334e-05
2026-03-18,0.00011847098859961132
2026-03-19,0.00016007098670591536
2026-03-20,-2.0192814956467298e-06
2026-03-21,8.849804098909075e-06
2026-03-22,1.9441455004818408e-05
2026-03-23,-4.620743967679006e-07
2026-03-24,3.217518034671713e-06
2026-03-25,3.6633448935895708e-06
2026-03-26,2.5367173456573394e-05
2026-03-27,2.6028661991950188e-05
2026-03-28,2.0068241166118375e-05
2026-03-29,0.00016892639706585376
2026-03-30,1.581882141561057e-05
2026-03-31,-1.9164411099154795e-06
2026-04-01,-3.391575443325099e-05
2026-04-02,-1.0776410137560839e-05
2026-04-03,-1.0115956878706625e-05
2026-04-04,7.776752839677013e-06
2026-04-05,9.723088928552458e-05
2026-04-06,-4.410426966931957e-05
2026-04-07,-7.786036662764682e-06
2026-04-08,2.3144139725150684e-05
2026-04-09,6.236606447784613e-06
2026-04-10,4.76252294484276e-07
2026-04-11,0.00010083774505297285
2026-04-12,5.308260293309257e-05
2026-04-13,2.4572299805570003e-05
2026-04-14,7.160678708693522e-05
2026-04-15,5.4028069584614755e-05
2026-04-16,0.00011254603756180901
2026-04-17,7.772035922699095e-05
2026-04-18,1.013815035693352e-05
2026-04-19,-3.4789443609074504e-06
2026-04-20,2.2648174665559384e-05
2026-04-21,-3.833006451893069e-06
2026-04-22,-1.3268253922006386e-05
2026-04-23,3.657276461135906e-05
2026-04-24,1.2507322411198078e-05
2026-04-25,3.3941532756817516e-05
2026-04-26,1.489258264586053e-05
2026-04-27,-1.1875641489727678e-05
2026-04-28,7.114955268680288e-06
2026-04-29,-1.797049171188545e-05
2026-04-30,2.49269881877898e-05
2026-05-01,4.008389967054045e-05
2026-05-02,1.4503607513984773e-05
2026-05-03,-1.8818518013083195e-05
2026-05-04,5.4436703239639676e-05
2026-05-05,7.317902675038238e-05
2026-05-06,7.483407177835944e-05
2026-05-07,1.0058400335673153e-05
2026-05-08,2.3744855251026932e-05
2026-05-09,3.31853120966817e-05
2026-05-10,5.605028067449358e-05
2026-05-11,3.699982543203805e-05
2026-05-12,4.492788146818777e-05
2026-05-13,1.3117741451368211e-05
2026-05-14,-7.85638928646995e-06
2026-05-15,7.628148510417849e-05
2026-05-16,5.167337733565605e-05
2026-05-17,8.128578549396583e-05
2026-05-18,8.631527681402547e-05
2026-05-19,2.9262174303539113e-05
2026-05-20,4.873180552841406e-06
2026-05-21,3.350567236239571e-06
2026-05-22,7.830232586026418e-05
2026-05-23,0.00019761361821255381
2026-05-24,0.00015325637454210653
2026-05-26,-3.6660499480043885e-06
2026-05-27,6.942476772546505e-06
2026-05-28,3.930968436712782e-06
2026-05-29,5.3816688191756296e-05
2026-05-30,9.352844403296703e-05
2026-05-31,-2.2854287355684707e-05
2026-06-01,2.8339063554941835e-05
2026-06-02,3.098191752405864e-05
2026-06-03,3.255225021445064e-05
2026-06-04,7.104953454495183e-05
2026-06-05,-1.342729845625012e-05
2026-06-06,2.51795409757445e-05
2026-06-07,3.280058455978081e-05
2026-06-08,6.161562846702111e-05
2026-06-09,5.645805767608833e-05
2026-06-10,7.1982619447800955e-06
2026-06-11,-2.843974762830813e-06
2026-06-12,-8.770141640005347e-06
2026-06-13,5.891244865821328e-06
2026-06-14,-2.834629982871061e-06
2026-06-15,4.4541259064778946e-05
2026-06-16,5.292638990938908e-06
2026-06-17,-9.337282413728226e-06
2026-06-18,-1.9874834226223528e-05
2026-06-19,5.740229529037145e-05
2026-06-20,7.844272513098678e-05
2026-06-21,-3.7437361381548633e-06
2026-06-22,3.204197902911393e-05
2026-06-23,2.683237875685771e-05
2026-06-24,-2.6172815468444757e-05
2026-06-25,-3.5972434298999153e-06
2026-06-26,-2.0906310693971967e-05
2026-06-27,1.821892794969543e-05
2026-06-28,2.127999809416755e-05
2026-06-29,3.839354925279198e-05
2026-06-30,6.47976971453446e-05
2026-07-01,-0.00010014572007065201
2026-07-02,3.792509341029113e-06
2026-07-03,9.730333426072787e-05
2026-07-04,-1.2462701524035228e-05
2026-07-05,-1.7148709434354838e-05
2026-07-06,7.235889098471195e-05
2026-07-07,-5.386177867468578e-06
2026-07-08,3.7105952460081434e-06
2026-07-09,2.4625160654282675e-05
2026-07-10,-1.7005597991234513e-05
2026-07-11,-2.4896050486537277e-05
2026-07-12,-1.8828701997937536e-05
2026-07-13,3.3731939634533416e-05
2026-07-14,-2.6950639751515104e-05
2026-07-15,2.695187760565924e-05
2026-07-16,-1.105318241828535e-05
2026-07-17,6.655113693653007e-05
2026-07-18,-8.940221478543122e-06
2026-07-19,7.464344696344858e-05
2026-07-20,-2.590480052942577e-05
2026-07-21,3.0503002764268793e-05
2026-07-22,9.340553747609265e-07
2026-07-23,-1.1076582794942482e-05
2026-07-24,5.299660966784846e-05
2026-07-25,2.351190127538807e-05
2026-07-26,-2.441490970353506e-05
2026-07-27,7.355359967568908e-06
2026-07-28,2.7805450841978688e-05
2026-07-29,1.4670986587611291e-05
2026-07-30,-1.6491166807124742e-05
2026-07-31,1.968749275551387e-05
2026-08-01,-2.4157951213563e-05
2026-08-02,0.00011743642873206086
2026-08-03,-2.8745362633170666e-06
2026-08-04,1.3598409244240715e-05
2026-08-05,2.2072239196650752e-05
2026-08-06,6.607950200872622e-06
2026-08-07,-2.066361877958728e-05
2026-08-08,-8.5354754722013e-06
2026-08-09,-1.476088547443059e-05
2026-08-10,4.985402949863804e-05
2026-08-11,0.0001629856619777805
2026-08-12,2.478799773110763e-05
2026-08-13,0.0001327485142883529
2026-08-14,-4.015581740985101e-05
2026-08-15,1.516318811252235e-05
2026-08-16,-9.175415450732861e-07
2026-08-17,-2.2045056182918608e-05
2026-08-18,-1.8075217509318833e-05
2026-08-19,-5.274668470969491e-07
2026-08-20,0.00010329908243869629
2026-08-21,7.959796942716133e-05
2026-08-22,-3.6711980085277606e-05
2026-08-23,6.991910320195873e-06
2026-08-24,4.1353733519588116e-05
2026-08-25,1.3207396430242822e-05
2026-08-26,4.961224084361154e-05
2026-08-27,4.701354899481884e-05
2026-08-28,1.4064785608633276e-05
2026-08-29,7.310917216151288e-05
2026-08-30,1.2274119900661832e-05
