date,SO2,NO2,CO
2025-08-31,5.190649798006102e-05,4.614360838309197e-05,0.0265935292055136
2025-09-01,-1.015163164212113e-06,3.615416863114272e-05,0.024891420726549
2025-09-02,2.0860144582100127e-05,2.037919881941905e-05,0.0244029822976543
2025-09-03,5.581613565857934e-05,3.836010184972318e-05,0.02479750615939
2025-09-04,3.764051275351079e-05,5.66905366655064e-05,0.0276283371990544
2025-09-05,-1.5866471393832585e-05,8.572575328132262e-05,0.0324023463984558
2025-09-06,-1.2412552827354037e-05,7.723689060506772e-05,0.0293814700050574
2025-09-07,2.462848853961613e-06,6.874802792881284e-05,0.030383252834657464
2025-09-08,6.080720884234608e-05,7.237471731410472e-05,0.03138503566425753
2025-09-09,6.202280616367833e-06,7.60014066993966e-05,0.0323868184938576
2025-09-10,2.5023863891825755e-05,7.962809608468848e-05,0.0232471853335314
2025-09-11,-4.546640411187426e-05,3.48856408764455e-05,0.027737934812473
2025-09-12,-1.2705984214681962e-05,6.566155451124102e-05,0.0322286842914146
2025-09-13,4.102586204974427e-06,3.463952083295799e-05,0.0274684820008848
2025-09-14,2.557696229622732e-05,4.955078284494119e-05,0.0289639738161359
2025-09-15,2.5606440894403685e-06,9.74013332003275e-05,0.0302601675146188
2025-09-16,3.343452772270301e-05,0.000175259725412,0.028712495920893
2025-09-17,-3.0235473697257805e-05,0.00013629858766276277,0.0361852721710663
2025-09-18,2.8967158633997663e-06,9.733744991352552e-05,0.0268905077712706
2025-09-19,-6.473594368134685e-06,4.356063937825889e-05,0.0268475704815826
2025-09-20,6.544302799551755e-06,9.850616610699304e-05,0.0258200074333766
2025-09-21,9.732651933179784e-06,5.847179434658718e-05,0.026702737359241
2025-09-22,8.254133993492246e-05,6.776611668051783e-05,0.0304680879588583
2025-09-23,2.6530482407053924e-05,0.0001042429121009,0.037152426765689
2025-09-24,4.213942453463767e-05,0.0002135080390812,0.0384883756899931
2025-09-25,4.6369730735938e-05,6.177669351789028e-05,0.0257710963430338
2025-09-26,9.01465387565144e-06,5.2400126384551424e-05,0.0321453313302983
2025-09-27,-2.112956135129772e-05,3.787929327884603e-05,0.0337746782111359
2025-09-28,1.715687627493491e-05,2.561288265832686e-05,0.0300475488867594
2025-09-29,5.505701719790904e-06,5.327066132167492e-05,0.0270069522207044
2025-09-30,-2.415164577060764e-05,8.642645420268329e-05,0.0283045089441803
2025-10-01,1.8760862818950904e-06,0.00011958224708369165,0.0296020656676562
2025-10-02,1.3731416850468465e-05,0.0001527380399647,0.0308996223911321
2025-10-03,-1.7970018114985871e-06,9.306429271799142e-05,0.0324578980242092
2025-10-04,1.5401291296326345e-05,6.918415763807926e-05,0.0366400368207561
2025-10-05,1.8381068134157705e-05,4.1534418439586975e-05,0.0338159032766046
2025-10-06,2.744926283704119e-05,7.538235292285894e-05,0.0337841983073433
2025-10-07,1.802197044863868e-05,0.0001147776484341,0.0425947678420602
2025-10-08,9.91758118345288e-07,5.93539684558498e-05,0.0363435240946761
2025-10-09,-2.0326724559390764e-06,0.0001257225467932,0.0413680726341174
2025-10-10,5.972364695018422e-05,0.0001417416798103,0.0406217005573333
2025-10-11,-2.966948185978217e-05,6.888442527062374e-05,0.0332816312039032
2025-10-12,5.076689372064821e-06,2.221390120140477e-05,0.0281221162695719
2025-10-13,2.0524018249404384e-05,1.395678542285994e-05,0.0282528565763406
2025-10-14,8.878547023678816e-07,8.477414175681067e-05,0.0283835968831093
2025-10-15,1.86723664039934e-05,9.583822944151956e-05,0.0332516505601267
2025-10-16,-2.106340016559832e-05,5.753837739913013e-05,0.030232018004176
2025-10-17,-1.7837938538686952e-05,4.327411657915261e-05,0.030829430360172
2025-10-18,2.51058279634702e-07,4.4660019577679846e-05,0.0322657005204402
2025-10-19,-1.1778030404452932e-05,6.21144366916966e-05,0.0337019706807084
2025-10-20,-7.457413587111307e-06,4.67295383718264e-05,0.0328698187528436
2025-10-21,1.5914971062955611e-06,3.13446400519562e-05,0.0320376668249788
2025-10-22,8.086223045833988e-06,3.179916265278291e-05,0.03213872355223315
2025-10-23,-7.064886223763897e-06,3.225368525360961e-05,0.0322397802794875
2025-10-24,3.1473824784750685e-05,3.270820785443632e-05,0.03210958369215583
2025-10-25,1.969457545261487e-07,3.316273045526302e-05,0.03197938710482417
2025-10-26,-2.6487028129270223e-06,3.361725305608973e-05,0.0318491905174925
2025-10-27,1.0028123494184156e-05,3.407177565691643e-05,0.02781740642018555
2025-10-28,3.500796496159403e-06,3.452629825774314e-05,0.0237856223228786
2025-10-29,2.501284603792272e-05,3.498082085856984e-05,0.028822225397749097
2025-10-30,9.290029116395604e-06,3.5435343459396546e-05,0.0338588284726196
2025-10-31,6.428836692157907e-06,3.588986606022325e-05,0.033133071339966444
2025-11-01,-2.0579647363869187e-05,3.6344388661049955e-05,0.0324073142073133
2025-11-02,2.0084570033054677e-05,3.6798911261876656e-05,0.031681557074660145
2025-11-03,-3.063887541861797e-05,3.7253433862703363e-05,0.030955799942007
2025-11-04,2.094181959355399e-05,3.7707956463530065e-05,0.030230042809353846
2025-11-05,-4.4073866375504605e-06,3.816247906435677e-05,0.029504285676700697
2025-11-06,1.271428128668265e-06,3.861700166518348e-05,0.028778528544047548
2025-11-07,8.570148711417334e-05,3.907152426601018e-05,0.0280527714113944
2025-11-08,1.3513015519665816e-05,4.2531574077858205e-05,0.027860878703787773
2025-11-09,3.88494603845899e-05,4.599162388970623e-05,0.02766898599618115
2025-11-10,3.975304535431764e-05,4.9451673701554245e-05,0.027477093288574526
2025-11-11,7.937176824371898e-05,5.291172351340227e-05,0.0272852005809679
2025-11-12,-2.202079944698301e-05,5.692655717188579e-05,0.03037593774822795
2025-11-13,-2.651346466825539e-05,6.0941390830369314e-05,0.033466674915488
2025-11-14,1.974734810613718e-06,6.495622448885283e-05,0.03319058844205858
2025-11-15,-1.4368653277052933e-07,6.897105814733635e-05,0.03291450196862916
2025-11-16,-2.389865456601393e-05,7.298589180581989e-05,0.03263841549519974
2025-11-17,1.868482016916913e-05,7.70007254643034e-05,0.032362329021770324
2025-11-18,2.25907550302569e-05,8.101555912278692e-05,0.0320862425483409
2025-11-19,5.44517307506897e-06,8.503039278127044e-05,0.03188426818240645
2025-11-20,-1.8110524194359825e-05,7.369881606370257e-05,0.031682293816472
2025-11-21,6.865784300278409e-06,5.518733318390523e-05,0.0270042049586113
2025-11-22,0.0001391689434768,3.667585030410788e-05,0.0275206985185156
2025-11-23,-1.754398392780943e-06,3.499412596345931e-05,0.0284602830877379
2025-11-24,1.1048216556403404e-05,4.153565013456932e-05,0.0295364214329135
2025-11-25,1.1654070092927145e-05,4.807717430567933e-05,0.0306125597780891
2025-11-26,7.207753753606081e-06,4.807562108053112e-05,0.0257473876157231
2025-11-27,1.3231888813717805e-05,4.8074067855382914e-05,0.0253757621238096
2025-11-28,6.139640173921956e-05,4.8072514630234704e-05,0.0250041366318961
2025-11-29,2.3674413685516097e-05,4.8070961405086495e-05,0.0302303150518296
2025-11-30,1.6207901178587977e-05,4.806940817993829e-05,0.03063803245222245
2025-12-01,-1.671118747982003e-05,4.806785495479008e-05,0.0310457498526153
2025-12-02,4.470664950864403e-05,3.2488896317139255e-05,0.0284983974739166
2025-12-03,6.256268793930059e-06,4.722645333940962e-05,0.0272992851054229
2025-12-04,-1.878426196298667e-05,4.859277478519519e-05,0.0277598537942905
2025-12-05,-4.515974108133131e-05,4.9959096230980745e-05,0.0282204224831581
2025-12-06,1.3684722352960552e-07,3.6468478189681e-05,0.02940728258080895
2025-12-07,2.934815525139453e-05,4.1654414049463286e-05,0.0305941426784598
2025-12-08,0.000135088751157,3.849735879899035e-05,0.0288904442365278
2025-12-09,-2.0856568826793087e-05,3.534030354851741e-05,0.029668977086673348
2025-12-10,-8.044895859481714e-06,3.218324829804447e-05,0.0304475099368189
2025-12-11,4.587246060603062e-05,2.9026193047571533e-05,0.0306969565593769
2025-12-12,-1.2821862922849688e-05,2.7875301786381177e-05,0.0254463618012755
2025-12-13,1.3352334124489365e-05,2.650525122449161e-05,0.0290137021983387
2025-12-14,-3.877762924204014e-05,2.5135200662602046e-05,0.0259757996776717
2025-12-15,2.4962294038632336e-05,2.376515010071248e-05,0.0252967737891907
2025-12-16,-2.9434949343039584e-05,2.091248045085282e-05,0.02608691955646205
2025-12-17,-1.5132955658677447e-05,1.805981080099316e-05,0.0268770653237334
2025-12-18,-2.170495045364801e-05,5.518579915493371e-05,0.0281832296141212
2025-12-19,-2.809115863712225e-06,5.1009105901086056e-05,0.026255127853038032
2025-12-20,5.9624399499699e-06,4.68324126472384e-05,0.024327026091954865
2025-12-21,-3.4266905607694216e-05,4.2655719393390755e-05,0.0223989243308717
2025-12-22,-2.182393096016152e-05,3.84790261395431e-05,0.0264628504457276
2025-12-23,0.0001174124329818,2.335149144106254e-05,0.0270445441949796
2025-12-24,3.238507345728006e-05,3.786297012150009e-05,0.0254644190318324
2025-12-25,-9.036514989394653e-06,2.6798063186425364e-05,0.0238842938686852
2025-12-26,4.45153951350633e-05,3.0008487100018708e-05,0.025299729875435526
2025-12-27,9.54384257931731e-06,3.321891101361205e-05,0.02671516588218585
2025-12-28,-1.0773680507217088e-05,3.6429334927205395e-05,0.028130601888936176
2025-12-29,0.0001907970719822,3.9639758840798735e-05,0.0295460378956865
2025-12-30,2.4077537045566943e-05,3.315401190211019e-05,0.0290203363583579
2025-12-31,1.3827341897033229e-05,2.6668264963421642e-05,0.0284946348210293
2026-01-01,1.856630779948636e-05,2.01825180247331e-05,0.0279689332837007
2026-01-02,4.180637117550475e-06,1.3696771086044552e-05,0.028881941334889652
2026-01-03,1.5529693544592494e-05,2.096767425209484e-05,0.0297949493860786
2026-01-04,4.752651931552925e-05,2.8238577418145127e-05,0.0289305112964865
2026-01-05,-3.561221777305391e-06,2.7804766643325476e-05,0.0280660732068944
2026-01-06,-1.964921796316876e-05,2.7370955868505825e-05,0.0272016351173023
2026-01-07,1.332357614655923e-05,2.693714509368617e-05,0.0263371970277102
2026-01-08,6.97820721925244e-05,2.650333431886652e-05,0.0254727589381181
2026-01-09,-2.9392422468023644e-05,1.5964405641516418e-05,0.0286773675421069
2026-01-10,1.245750539966749e-05,1.5402583987126238e-05,0.02766648701695822
2026-01-11,4.450965789409947e-06,1.4840762332736054e-05,0.02665560649180954
2026-01-12,2.1890046012818747e-05,1.4278940678345874e-05,0.02564472596666086
2026-01-13,-2.2032178990454665e-05,1.3717119023955692e-05,0.02463384544151218
2026-01-14,1.4664429356017418e-05,1.315529736956551e-05,0.0236229649163635
2026-01-15,1.098299923977947e-05,1.2593475715175329e-05,0.024780474574933438
2026-01-16,-4.737956971967792e-06,1.2031654060785147e-05,0.02593798423350338
2026-01-17,5.041445317372165e-05,1.1469832406394967e-05,0.02709549389207332
2026-01-18,2.6725805739163835e-05,1.0908010752004784e-05,0.02825300355064326
2026-01-19,4.410637409272496e-05,1.0346189097614604e-05,0.0294105132092132
2026-01-20,9.06557526918152e-06,1.337582019704948e-05,0.0244478809766851
2026-01-21,-6.693828543737028e-07,1.5354211529546753e-05,0.0253067441244762
2026-01-22,1.1562739375732325e-05,1.7332602862044024e-05,0.0260075673344844
2026-01-23,-8.728305561676483e-06,1.9310994194541298e-05,0.0267083905444926
2026-01-24,5.812749650047939e-06,2.128938552703857e-05,0.0274092137545008
2026-01-25,5.118815330953065e-06,2.39435168923186e-05,0.0284723713732904
2026-01-26,-6.849432261070566e-06,2.6597648257598632e-05,0.0297895095081177
2026-01-27,6.923041670044129e-06,2.925177962287866e-05,0.030030145438365068
2026-01-28,-1.678211885608372e-05,3.190591098815869e-05,0.030270781368612432
2026-01-29,-4.6782744292644336e-06,3.456004235343872e-05,0.0305114172988598
2026-01-30,-6.946279744331478e-06,3.716721605513455e-05,0.0323259534064688
2026-01-31,3.1667713227865304e-05,3.977438975683037e-05,0.0322803839519778
2026-02-01,-1.1614807244909678e-05,3.6187694426522874e-05,0.0309546530111324
2026-02-02,5.1938303758348034e-05,3.2600999096215386e-05,0.0314368395477942
2026-02-03,-7.519290265137299e-06,1.9972603500705814e-05,0.029942413241515
2026-02-04,2.9656390593015043e-06,2.3321750429721025e-05,0.0251775034185486
2026-02-05,-1.922333341015268e-05,2.1369609767037754e-05,0.0294307182327315
2026-02-06,1.7966114403003107e-05,1.9417469104354483e-05,0.0328347692117032
2026-02-07,-1.5524570896009224e-05,1.894053943169155e-05,0.02977675133962057
2026-02-08,-6.752259848532611e-06,1.8463609759028615e-05,0.026718733467537933
2026-02-09,9.271785516820569e-06,1.7986680086365682e-05,0.0236607155954553
2026-02-10,2.1491722625065084e-06,1.814553572694965e-05,0.0253520177708132
2026-02-11,-1.2824452582773356e-05,1.8304391367533616e-05,0.0270433199461711
2026-02-12,-7.133156555694569e-06,1.8463247008117583e-05,0.027025201609097167
2026-02-13,1.930030114935665e-05,1.8622102648701553e-05,0.02700708327202323
2026-02-14,3.541114476286661e-06,1.878095828928552e-05,0.0269889649349493
2026-02-15,3.997274689696972e-05,1.8939813929869486e-05,0.0275427388763078
2026-02-16,-3.240145029822415e-05,3.533637958439902e-05,0.0303657813031528
2026-02-17,2.6214633266332886e-05,3.52086638708417e-05,0.0331888237299978
2026-02-18,-4.127672342206425e-05,3.508094815728439e-05,0.0300627277151465
2026-02-19,2.3616775638696035e-05,3.4953232443727076e-05,0.0269366317002952
2026-02-20,2.6012656052067443e-05,3.482551673016976e-05,0.0238105356854439
2026-02-21,-1.6082993522114255e-05,3.4697801016612445e-05,0.0250307664174202
2026-02-22,2.932463605841031e-05,3.4570085303055136e-05,0.0262509971493965
2026-02-23,-3.5671645958528774e-06,3.444236958949782e-05,0.0274712278813728
2026-02-24,2.544776654461951e-05,3.4314653875940505e-05,0.028691458613349097
2026-02-25,8.12491022716011e-06,3.418693816238319e-05,0.0299116893453254
2026-02-26,1.9737490479242224e-05,3.405922244882588e-05,0.028508675532334132
2026-02-27,-1.1329511234589604e-05,3.3931506735268564e-05,0.027105661719342866
2026-02-28,2.5106283384483848e-05,4.562543978867658e-05,0.0257026479063516
2026-03-01,-1.6877686342031902e-05,4.4293000545206205e-05,0.0269756943796079
2026-03-02,3.32687874690668e-05,4.2960561301735826e-05,0.0282487408528642
2026-03-03,9.665181458435102e-07,4.1628122058265454e-05,0.0295217873261205
2026-03-04,-1.522342761720404e-05,4.029568281479508e-05,0.0289529699681469
2026-03-05,-2.287134234156027e-05,3.857528014515724e-05,0.0263315675704439
2026-03-06,4.001282901502944e-06,3.68548774755194e-05,0.02533484756408395
2026-03-07,1.97832910254414e-06,3.513447480588156e-05,0.024338127557724
2026-03-08,-6.194831560708383e-06,3.341407213624372e-05,0.0335773290317233
2026-03-09,8.42938498062459e-06,2.436594497498591e-05,0.0337569820506746
2026-03-10,3.1194970079985856e-05,3.0907128154163755e-05,0.0331907196035115
2026-03-11,4.356437442074935e-05,7.841929705023592e-06,0.030514232720204898
2026-03-12,1.522729845334497e-05,2.3035406061454757e-05,0.0278377458368983
2026-03-13,6.30775458445032e-06,1.982318723504862e-05,0.0284416183177741
2026-03-14,3.454630111316736e-05,3.0278002267628292e-05,0.03115177600017
2026-03-15,-7.795963572229399e-07,2.598869398087728e-05,0.0308718927303814
2026-03-16,-1.035880417816003e-05,4.229544370234661e-05,0.0286943338619283
2026-03-17,-1.667540638954334e-05,3.480557375433301e-05,0.0266558900693469
2026-03-18,0.0001184709885996,4.130961652025446e-05,0.0262670202766308
2026-03-19,0.0001600709867059,3.71011418696005e-05,0.0265283541379009
2026-03-20,-2.0192814956467298e-06,3.2892667218946545e-05,0.02656577123999065
2026-03-21,8.849804098909075e-06,2.8684192568292592e-05,0.0266031883420804
2026-03-22,1.9441455004818408e-05,2.4475717917638636e-05,0.02664060544417015
2026-03-23,-4.620743967679006e-07,2.026724326698468e-05,0.0266780225462599
2026-03-24,3.217518034671713e-06,4.285322835759958e-05,0.02969364276980415
2026-03-25,3.6633448935895703e-06,4.2345428629347336e-05,0.0327092629933484
2026-03-26,2.5367173456573398e-05,4.1837628901095093e-05,0.0287568415137334
2026-03-27,2.6028661991950188e-05,4.132982917284285e-05,0.0288439623725375
2026-03-28,2.006824116611837e-05,7.925793045492142e-05,0.030710343268488653
2026-03-29,0.0001689263970658,0.000117186031737,0.0325767241644398
2026-03-30,1.581882141561057e-05,9.190681957747048e-05,0.03181086594619244
2026-03-31,-1.9164411099154795e-06,6.662760741794093e-05,0.03104500772794507
2026-04-01,-3.391575443325099e-05,4.134839525841141e-05,0.0302791495096977
2026-04-02,-1.077641013756084e-05,7.47721374968608e-05,0.0261260272047326
2026-04-03,-1.0115956878706624e-05,4.0391116282339965e-05,0.025946995095036
2026-04-04,7.776752839677013e-06,4.7943623483087395e-05,0.0270749007984843
2026-04-05,9.723088928552458e-05,5.549613068383483e-05,0.0282028065019326
2026-04-06,-4.410426966931957e-05,5.5576692535037154e-05,0.0303896757717349
2026-04-07,-7.786036662764682e-06,5.565725438623947e-05,0.02935331695048845
2026-04-08,2.3144139725150684e-05,2.052509179822764e-05,0.028316958129242
2026-04-09,6.236606447784613e-06,2.5010529030812785e-05,0.028187989413399724
2026-04-10,4.76252294484276e-07,2.949596626339793e-05,0.02805902069755745
2026-04-11,0.0001008377450529,3.398140349598307e-05,0.027930051981715175
2026-04-12,5.308260293309257e-05,3.846684072856822e-05,0.0278010832658729
2026-04-13,2.4572299805570003e-05,4.295227796115336e-05,0.0279616991606029
2026-04-14,7.160678708693522e-05,3.19391209425158e-05,0.0249596815246336
2026-04-15,5.402806958461476e-05,5.609360219778898e-05,0.0284922796232948
2026-04-16,0.0001125460375618,6.347804442098943e-05,0.0271505278090472
2026-04-17,7.772035922699095e-05,7.068785836019393e-05,0.0261328952208968
2026-04-18,1.013815035693352e-05,6.281305991102086e-05,0.0307238197757471
2026-04-19,-3.4789443609074504e-06,5.493826146184778e-05,0.0275678690930874
2026-04-20,2.2648174665559384e-05,0.0001137084474773,0.0317764855405512
2026-04-21,-3.833006451893069e-06,4.783986325063974e-05,0.0315638898918468
2026-04-22,-1.3268253922006386e-05,6.256886097286135e-05,0.0308790087966095
2026-04-23,3.657276461135906e-05,7.729785869508298e-05,0.0301941277013722
2026-04-24,1.2507322411198078e-05,6.958528125125225e-05,0.0299143139455853
2026-04-25,3.394153275681752e-05,5.003559954560578e-05,0.0254881909237122
2026-04-26,1.489258264586053e-05,6.6208153914886e-05,0.0332007154413312
2026-04-27,-1.1875641489727678e-05,6.043962030257644e-05,0.03153514066422132
2026-04-28,7.114955268680288e-06,5.467108669026689e-05,0.02986956588711144
2026-04-29,-1.797049171188545e-05,4.890255307795733e-05,0.02820399111000156
2026-04-30,2.49269881877898e-05,4.313401946564777e-05,0.026538416332891678
2026-05-01,4.008389967054045e-05,3.736548585333821e-05,0.0248728415557818
2026-05-02,1.4503607513984771e-05,4.034643190365567e-05,0.0248138465685977
2026-05-03,-1.8818518013083195e-05,4.332737795397314e-05,0.0235980364603499
2026-05-04,5.443670323963968e-05,6.878214993221784e-05,0.02672116362376185
2026-05-05,7.317902675038238e-05,7.460599333257277e-05,0.0298442907871738
2026-05-06,7.483407177835944e-05,5.425309093306809e-05,0.0247381802831777
2026-05-07,1.0058400335673152e-05,5.941857736711507e-05,0.0230743187146679
2026-05-08,2.374485525102693e-05,4.725727771172557e-05,0.0274187725776432
2026-05-09,3.31853120966817e-05,5.413567382264008e-05,0.0301941733456336
2026-05-10,5.605028067449358e-05,6.101406993355459e-05,0.030180639753248
2026-05-11,3.699982543203805e-05,5.932219270301826e-05,0.0255527026412494
2026-05-12,4.492788146818777e-05,8.735575705460712e-05,0.026028996648036
2026-05-13,1.3117741451368211e-05,7.525427349844501e-05,0.0305652015173586
2026-05-14,-7.85638928646995e-06,6.391212009735774e-05,0.0219054460111763
2026-05-15,7.628148510417849e-05,9.811988681212768e-05,0.0288876150970792
2026-05-16,5.167337733565605e-05,6.672644634011534e-05,0.0273192643769802
2026-05-17,8.128578549396583e-05,6.679779884794265e-05,0.0261989595226508
2026-05-18,8.631527681402547e-05,6.686915135576994e-05,0.0287528454683445
2026-05-19,2.9262174303539117e-05,6.694050386359725e-05,0.0277972341548152
2026-05-20,4.873180552841406e-06,5.2817258818533045e-05,0.0321813012903346
2026-05-21,3.350567236239571e-06,0.00011915620925306652,0.0278972081692053
2026-05-22,7.830232586026418e-05,0.0001854951596876,0.027445383437751
2026-05-23,0.0001976136182125,8.79146315417941e-05,0.031109889869138
2026-05-24,0.0001532563745421,3.780251078810908e-05,0.0350067196417197
2026-05-25,7.479516229704781e-05,5.254589627848211e-05,0.03379837624804315
2026-05-26,-3.666049948004389e-06,6.23846648321295e-05,0.0325900328543666
2026-05-27,6.942476772546505e-06,4.4558585683077655e-05,0.0291105558448427
2026-05-28,3.930968436712782e-06,3.8841528194333625e-05,0.0314071562916174
2026-05-29,5.3816688191756296e-05,4.446474468121898e-05,0.0325771701864385
2026-05-30,9.352844403296704e-05,5.008796116810434e-05,0.0264383046617373
2026-05-31,-2.2854287355684707e-05,5.5711177654989694e-05,0.030024193186211
2026-06-01,2.8339063554941835e-05,6.270787405664863e-05,0.0260527119400791
2026-06-02,3.098191752405864e-05,0.0001194476860794,0.034142431929709
2026-06-03,3.255225021445064e-05,0.0001395969469141,0.0318001210569348
2026-06-04,7.104953454495183e-05,6.834985550759091e-05,0.0281458594936209
2026-06-05,-1.342729845625012e-05,4.932881133946216e-05,0.0282113919297589
2026-06-06,2.51795409757445e-05,3.1944377594231325e-05,0.0233117891269539
2026-06-07,3.280058455978081e-05,4.2694593078870894e-05,0.029190493581577
2026-06-08,6.161562846702111e-05,6.708250497388708e-05,0.0299608083057228
2026-06-09,5.645805767608833e-05,8.805929749539658e-05,0.0330309829056538
2026-06-10,7.198261944780096e-06,8.383230839409606e-05,0.0330831202990314
2026-06-11,-2.843974762830813e-06,7.146793066259389e-05,0.0303610842680693
2026-06-12,-8.770141640005347e-06,6.472615097524651e-05,0.028560628316934948
2026-06-13,5.891244865821328e-06,5.7984371287899134e-05,0.0267601723658006
2026-06-14,-2.834629982871061e-06,5.031041993063942e-05,0.0291880508929961
2026-06-15,4.454125906477895e-05,7.870262420121289e-05,0.0264640399178912
2026-06-16,5.292638990938908e-06,6.614150374494157e-05,0.0298725355015378
2026-06-17,-9.337282413728226e-06,6.043884350967534e-05,0.0254997211406558
2026-06-18,-1.9874834226223528e-05,7.142144400568875e-05,0.033190650617438
2026-06-19,5.740229529037145e-05,8.497556167757411e-05,0.0304465443144121
2026-06-20,7.844272513098678e-05,4.919379188931544e-05,0.0317090589023755
2026-06-21,-3.7437361381548633e-06,3.0908435100596024e-05,0.0299061075622044
2026-06-22,3.204197902911393e-05,3.639621226263778e-05,0.0256414135831244
2026-06-23,2.683237875685771e-05,5.341934621658215e-05,0.0313329713738451
2026-06-24,-2.617281546844476e-05,4.769597107250847e-05,0.027944318422109
2026-06-25,-3.5972434298999157e-06,6.008493519055756e-05,0.0293443406079445
2026-06-26,-2.0906310693971967e-05,4.577174899380669e-05,0.027556931079143
2026-06-27,1.821892794969543e-05,5.719873114468877e-05,0.0314267155286802
2026-06-28,2.127999809416755e-05,6.58650574949683e-05,0.0322006642424578
2026-06-29,3.839354925279198e-05,7.692084816551497e-05,0.0215908823166185
2026-06-30,6.47976971453446e-05,0.0001068591594781,0.0328461977666774
2026-07-01,-0.0001001457200706,0.0001352270927399,0.0293066762327369
2026-07-02,3.792509341029113e-06,7.384883565738804e-05,0.0308323464579327
2026-07-03,9.730333426072787e-05,5.320687114632977e-05,0.0272816967459709
2026-07-04,-1.2462701524035228e-05,4.589415216423855e-05,0.0243573712160775
2026-07-05,-1.7148709434354838e-05,3.807432023943042e-05,0.0273153746680477
2026-07-06,7.235889098471195e-05,5.2545051200740654e-05,0.0286713796155226
2026-07-07,-5.386177867468578e-06,6.139556327570274e-05,0.0327360074027839
2026-07-08,3.710595246008144e-06,6.389388139379623e-05,0.0321088864576974
2026-07-09,2.4625160654282675e-05,7.464507494510947e-05,0.0317082407839958
2026-07-10,-1.7005597991234513e-05,5.6580965769659046e-05,0.0296543161076556
2026-07-11,-2.489605048653728e-05,5.2661445882368824e-05,0.030474649981186548
2026-07-12,-1.8828701997937536e-05,4.87419259950786e-05,0.0312949838547175
2026-07-13,3.3731939634533416e-05,5.464115583897531e-05,0.0310850998312323
2026-07-14,-2.6950639751515104e-05,5.1581294574961645e-05,0.0260797449357975
2026-07-15,2.695187760565924e-05,4.862424223407372e-05,0.0274417483945391
2026-07-16,-1.105318241828535e-05,4.980538947190545e-05,0.0252000291062018
2026-07-17,6.655113693653007e-05,7.800339969322981e-05,0.0288090227020161
2026-07-18,-8.940221478543122e-06,6.161971239305086e-05,0.0304531847753476
2026-07-19,7.464344696344858e-05,6.19438074948448e-05,0.030595798054679
2026-07-20,-2.590480052942577e-05,5.325759682665782e-05,0.0308190002810121
2026-07-21,3.0503002764268797e-05,6.922371477374094e-05,0.0335577803989159
2026-07-22,9.340553747609264e-07,8.654024556473086e-05,0.0365168984204254
2026-07-23,-1.1076582794942482e-05,0.0001309224601632,0.0393810374197019
2026-07-24,5.299660966784846e-05,0.0001008621501509,0.0344406556875904
2026-07-25,2.351190127538807e-05,5.826518020448402e-05,0.0298480223285255
2026-07-26,-2.441490970353506e-05,4.318296325659701e-05,0.0277012368519094
2026-07-27,7.355359967568908e-06,4.139178531081898e-05,0.0298081209494716
2026-07-28,2.7805450841978688e-05,3.960060736504095e-05,0.0319150050470338
2026-07-29,1.4670986587611291e-05,5.507311152723313e-05,0.0365215967034712
2026-07-30,-1.6491166807124742e-05,5.5875414629522566e-05,0.0322620403651554
2026-07-31,1.968749275551387e-05,4.054756885776234e-05,0.0288518716819803
2026-08-01,-2.4157951213563e-05,4.445673995682391e-05,0.0304941603928876
2026-08-02,0.000117436428732,1.8637832154562222e-05,0.0284187656990728
2026-08-03,-2.8745362633170666e-06,2.9203868211974016e-05,0.0289817125166822
2026-08-04,1.3598409244240717e-05,4.617442608532233e-05,0.0306708620668436
2026-08-05,2.2072239196650752e-05,4.479102704375605e-05,0.0271318993025953
2026-08-06,6.607950200872622e-06,4.49934957970759e-05,0.0264563016406743
2026-08-07,-2.066361877958728e-05,5.325399431699061e-05,0.0293146150298106
2026-08-08,-8.5354754722013e-06,5.814724052662111e-05,0.0303176190056815
2026-08-09,-1.476088547443059e-05,3.525320675708536e-05,0.0327889199065886
2026-08-10,4.985402949863804e-05,0.0001457023622227,0.0344414515433308
2026-08-11,0.0001629856619777,9.167010638881328e-05,0.0315568187238876
2026-08-12,2.478799773110763e-05,5.3526562586483423e-05,0.0268738157569925
2026-08-13,0.0001327485142883,0.0001001575234482,0.0308052398795258
2026-08-14,-4.015581740985101e-05,6.38816635864409e-05,0.0373248099812264
2026-08-15,1.516318811252235e-05,6.13328568588549e-05,0.0340013066847088
2026-08-16,-9.17541545073286e-07,4.833752914769186e-05,0.0346678923785409
2026-08-17,-2.2045056182918608e-05,1.964835344937864e-05,0.0323460336393675
2026-08-18,-1.8075217509318837e-05,3.18033083654262e-05,0.0299280994977485
2026-08-19,-5.274668470969491e-07,2.920852244327768e-05,0.0293516538473248
2026-08-20,0.0001032990824386,3.1393998846853355e-05,0.0259308222351989
2026-08-21,7.959796942716133e-05,3.500371839411176e-05,0.0277903643665924
2026-08-22,-3.6711980085277606e-05,4.419472227870694e-05,0.0291534218503894
2026-08-23,6.991910320195873e-06,5.1387285046496506e-05,0.0320897063107931
2026-08-24,4.135373351958812e-05,4.8932352624897074e-05,0.0299961004619655
2026-08-25,1.3207396430242822e-05,4.3408513587584735e-05,0.03239430863333
2026-08-26,4.961224084361154e-05,5.166001710296093e-05,0.0277230769446964
2026-08-27,4.701354899481884e-05,9.500755201172522e-05,0.0328922557838938
2026-08-28,1.4064785608633276e-05,7.804502311313467e-05,0.0393302362335222
2026-08-29,7.310917216151288e-05,6.175859882151921e-05,0.0345251845411166
2026-08-30,1.2274119900661832e-05,3.447439924309627e-05,0.0337529687233692
