date,longitude,latitude,CO,NO2,HCHO,O3,SO2,CH4
2024-09-01,112.61031217809158,-7.135570485497508,0.030448669449869206,7.635035570773888e-05,0.00030337179607586043,0.11794914492489368,0.0010187177168413978,1864.8089856808915
2024-09-02,112.61031217809158,-7.135570485497508,0.028322172434242142,6.22000813296959e-05,0.00041769578647172546,0.11609648674062484,0.00019713071491825397,
2024-09-03,112.61031217809158,-7.135570485497508,0.02701119901180319,3.159124970164641e-05,0.0001532479167651469,0.11444865337222886,0.001734768725831889,
2024-09-04,112.61031217809158,-7.135570485497508,0.026772347604655123,7.930177442420832e-05,0.0002665620378920198,0.11657677389749105,6.156571865988868e-05,
2024-09-05,112.61031217809158,-7.135570485497508,0.02467017179757195,0.00010982574492049447,5.5819980544574466e-05,0.11621483795413459,5.7443397923460565e-05,1882.3724557704475
2024-09-06,112.61031217809158,-7.135570485497508,0.0279586872454632,6.668094796158639e-05,7.101462446498278e-05,0.11622561278563091,0.0008173773077235397,
2024-09-07,112.61031217809158,-7.135570485497508,0.027828734533665137,4.581305059879703e-05,8.865979072693484e-05,0.11707118286521548,0.0004845170745997892,
2024-09-08,112.61031217809158,-7.135570485497508,0.03028122317288126,3.3813324626493373e-05,0.00013001021866932818,0.11582174346687839,,
2024-09-09,112.61031217809158,-7.135570485497508,0.02600978008509834,5.445635136921673e-05,0.0001726200612704919,0.11510289158487526,-0.0002175771348942844,
2024-09-10,112.61031217809158,-7.135570485497508,,,,0.11588000127363134,,
2024-09-11,112.61031217809158,-7.135570485497508,0.029052728003958396,0.0002611166494065087,9.741477167116021e-05,0.11693847782416669,0.00037935248438512637,
2024-09-12,112.61031217809158,-7.135570485497508,0.0300402959093607,7.349057171373343e-05,0.00025958612842859487,0.11738897754611816,0.0001392921882581946,
2024-09-13,112.61031217809158,-7.135570485497508,0.031510785445449,7.321201584455545e-05,3.291842980272022e-05,0.11832778955622705,0.00024653306799305645,
2024-09-14,112.61031217809158,-7.135570485497508,,6.305425486407736e-05,9.772886370628052e-05,0.11862585786579508,-0.0005433493501723932,1857.366696713716
2024-09-15,112.61031217809158,-7.135570485497508,0.03392773582451946,8.306632106349993e-05,0.00014333904922705855,0.11839230431096187,0.0002178008867417589,
2024-09-16,112.61031217809158,-7.135570485497508,0.03808626483320012,7.360733883378553e-05,,0.11625474303518016,,
2024-09-17,112.61031217809158,-7.135570485497508,,0.0001030544366942253,0.0001799134182624873,0.12326647238158818,0.0004898998995402993,
2024-09-18,112.61031217809158,-7.135570485497508,,,0.00010487858642099418,0.12032783583537078,,
2024-09-19,112.61031217809158,-7.135570485497508,,0.00015146965163390083,0.0002856176006428703,0.11855271231932052,-0.0001633014449717442,
2024-09-20,112.61031217809158,-7.135570485497508,0.03612392820546579,0.0001780610616916569,0.00017397390504456773,0.11712175154810978,-1.9657103628848658e-05,
2024-09-21,112.61031217809158,-7.135570485497508,0.03472551411516972,0.00027189111316088536,0.00020726154592733446,0.11836008055114113,0.0002120707504302476,
2024-09-22,112.61031217809158,-7.135570485497508,0.03410497111799952,9.400989739454463e-05,0.00015327421273892008,0.11852255643009978,8.056541219553313e-05,
2024-09-23,112.61031217809158,-7.135570485497508,,,,0.11983496338850616,,
2024-09-24,112.61031217809158,-7.135570485497508,0.036173832696502636,,,0.11968851300460917,,
2024-09-25,112.61031217809158,-7.135570485497508,0.03841491614457235,9.371912144171193e-05,0.00022738175623076624,0.12085902023364516,,
2024-09-26,112.61031217809158,-7.135570485497508,0.03795485399895136,0.00025768153311580487,0.00030235013669703206,0.1208342849939257,-0.00019925799873133336,
2024-09-27,112.61031217809158,-7.135570485497508,0.025834835358597732,0.00013781106624674927,0.00010512580056539439,0.12124740053608496,0.00011132889945268138,
2024-09-28,112.61031217809158,-7.135570485497508,0.03369352368038873,6.974134364406891e-05,0.00019302675694432623,0.12098498517376656,-0.00023427587121699364,
2024-09-29,112.61031217809158,-7.135570485497508,0.03106018533533517,4.087906354123343e-05,0.00019043341204991456,0.12089673634891883,0.0014067581815213664,
2024-09-30,112.61031217809158,-7.135570485497508,0.03306969373199211,7.9220233259941e-05,9.088541905180669e-05,0.12074126824172832,-0.0002124333737628253,
2024-10-01,112.61031217809158,-7.135570485497508,0.035253323243588215,7.890933999304773e-05,0.00016904084804083343,0.11924875175174597,-0.00015374657109074462,
2024-10-02,112.61031217809158,-7.135570485497508,0.03498709975491871,8.603345604411715e-05,0.00017034773532695468,0.12052125270846001,-0.0003628419662669374,
2024-10-03,112.61031217809158,-7.135570485497508,0.027492508898755014,4.174627363958382e-05,8.794266924704501e-05,0.12141758563835434,-0.0001185896950162703,
2024-10-04,112.61031217809158,-7.135570485497508,0.03471251435843724,3.900914458795071e-05,8.17725846153356e-05,0.1218231060840153,3.669218190260873e-05,
2024-10-05,112.61031217809158,-7.135570485497508,0.038400188317561486,9.628540088996806e-05,0.0001759601991389387,0.12274099549047592,-0.0006647273741772441,
2024-10-06,112.61031217809158,-7.135570485497508,0.035296724381165406,8.282613863662941e-05,0.00020960554004367083,0.12215417082435023,0.0002423936214139968,
2024-10-07,112.61031217809158,-7.135570485497508,0.038119231360035324,9.631065820733052e-05,3.9723440407224604e-05,0.1230530942785821,-0.00048503479017722066,
2024-10-08,112.61031217809158,-7.135570485497508,0.033219658445365834,5.825705716749344e-05,0.00019405606507209508,0.12311213972909905,0.0004503202362371148,
2024-10-09,112.61031217809158,-7.135570485497508,0.03747488545101486,8.04103190405e-05,0.00013031132138511452,0.12167165408688026,0.00018083178687365063,
2024-10-10,112.61031217809158,-7.135570485497508,0.03606562751432474,5.841372306877307e-05,0.00011438166319875671,0.1231496639836341,0.00013336502838897634,
2024-10-11,112.61031217809158,-7.135570485497508,0.036734317437404476,5.364882978360283e-05,0.00015745689392581438,0.12298366397969022,-0.0004850654235498636,
2024-10-12,112.61031217809158,-7.135570485497508,0.03610125337569453,6.574047045205958e-05,0.00017845787719538545,0.12297640431652904,4.9738310035653404e-05,
2024-10-13,112.61031217809158,-7.135570485497508,0.03902933346244969,0.00010605251538463024,0.00014199847507433957,0.12618186437961915,-1.6893468127467003e-05,
2024-10-14,112.61031217809158,-7.135570485497508,0.05056134861360761,7.487336081143177e-05,0.0003087225521158292,0.12480089909978818,0.00042783990000164825,
2024-10-15,112.61031217809158,-7.135570485497508,,0.00023159293530903923,5.781541772020867e-05,0.1265673909018081,0.00205526380379582,
2024-10-16,112.61031217809158,-7.135570485497508,0.041941714566498575,0.00016559461557883254,0.00029056884967209,0.1232926852435729,-9.463053933330955e-07,
2024-10-17,112.61031217809158,-7.135570485497508,0.0442243253107806,0.0002143608330510059,0.00025333292357874624,0.1222580214199617,0.00021348692614576016,
2024-10-18,112.61031217809158,-7.135570485497508,0.048107578104074816,0.0003245929408047069,0.00037883243193021334,0.12292109057971674,0.00032826895929544256,
2024-10-19,112.61031217809158,-7.135570485497508,0.035169844601795563,3.6244470066666914e-05,0.0001888745701870292,0.12230031912951529,0.0002483530654385743,
2024-10-20,112.61031217809158,-7.135570485497508,,,,0.12006862246795695,,
2024-10-21,112.61031217809158,-7.135570485497508,,,,0.1197755157248113,,
2024-10-22,112.61031217809158,-7.135570485497508,0.036954467396599106,,,0.1220105807031892,,
2024-10-23,112.61031217809158,-7.135570485497508,0.04607064476514121,,0.0005875162839125997,0.1239007014619254,,
2024-10-24,112.61031217809158,-7.135570485497508,0.036534755329256104,7.433005306254111e-05,0.00024372662498565973,0.12201548820773866,2.7493599006638053e-05,
2024-10-25,112.61031217809158,-7.135570485497508,0.042584982310492986,0.00010955733058970102,0.00034013768268012436,0.12263672056735993,0.0005278279002145508,
2024-10-26,112.61031217809158,-7.135570485497508,0.041565161331589474,0.0001422840598995538,0.00010095467186206885,0.12203964186827976,0.0005241238986505964,
2024-10-27,112.61031217809158,-7.135570485497508,0.04335631159970777,0.00015034826245831365,0.0002865118188295309,0.12260487817654679,0.0009996678103425705,
2024-10-28,112.61031217809158,-7.135570485497508,0.04199052179243226,0.0002741059032744304,0.00014950941495345835,0.12341634745338383,-0.0003075789286469272,
2024-10-29,112.61031217809158,-7.135570485497508,0.04420276635912921,0.00011557364174373324,0.0001440526691115509,0.12137236706045083,0.0005127866527880367,
2024-10-30,112.61031217809158,-7.135570485497508,0.044398078776931756,,,0.11981738120340718,,
2024-10-31,112.61031217809158,-7.135570485497508,0.03814162901286049,0.00010632912402763615,0.00019875425492517644,0.1228512595746735,-0.00034869814428155143,
2024-11-01,112.61031217809158,-7.135570485497508,,,,0.12248293547817486,,
2024-11-02,112.61031217809158,-7.135570485497508,0.03271565052469866,4.238298056680587e-05,9.511282383804151e-05,0.12269137965369672,-0.00037809732467398077,
2024-11-03,112.61031217809158,-7.135570485497508,,3.67102717246239e-05,0.0001591197980252521,0.12407700354141875,-0.0007383417592573602,
2024-11-04,112.61031217809158,-7.135570485497508,,,,0.1229182630986925,,
2024-11-05,112.61031217809158,-7.135570485497508,0.04167533752057081,4.1764940126790566e-05,-0.00012192502849089872,0.12729467966118113,0.00048655134861838513,
2024-11-06,112.61031217809158,-7.135570485497508,0.0422477161492456,,,0.12679971274902901,,
2024-11-07,112.61031217809158,-7.135570485497508,0.04163137253898448,0.0001901950943007212,0.0002435986404010262,0.12796549997933507,6.77141580329958e-05,
2024-11-08,112.61031217809158,-7.135570485497508,,,,0.12303561157518422,,
2024-11-09,112.61031217809158,-7.135570485497508,0.03955618755554199,0.00019422469854444188,8.864988084142859e-05,0.12159648984630542,0.00045322605953972134,
2024-11-10,112.61031217809158,-7.135570485497508,,,,0.12313494474121905,,
2024-11-11,112.61031217809158,-7.135570485497508,,3.59481545793708e-05,0.00017345036870246506,0.12230177090234129,,
2024-11-12,112.61031217809158,-7.135570485497508,,,0.00032703418189253914,0.12168106841062351,,
2024-11-13,112.61031217809158,-7.135570485497508,,0.00013945959000666932,2.563864668343038e-05,0.12306635858494426,,
2024-11-14,112.61031217809158,-7.135570485497508,0.038102893447017144,9.969208940141339e-05,0.00010966327770384653,0.12180772762714792,0.003461205985370588,
2024-11-15,112.61031217809158,-7.135570485497508,0.03431339713684458,4.786931004488565e-05,0.000304990414789285,0.1210422136034665,0.0006639484888774604,
2024-11-16,112.61031217809158,-7.135570485497508,,,,0.12346614063251934,,
2024-11-17,112.61031217809158,-7.135570485497508,0.03710959135403211,3.204154922855674e-05,,0.12404761181613788,,
2024-11-18,112.61031217809158,-7.135570485497508,,,,0.12194057548835761,,
2024-11-19,112.61031217809158,-7.135570485497508,0.03738171013114782,8.784066349396964e-05,8.290070305962326e-05,0.11920119474348137,,
2024-11-20,112.61031217809158,-7.135570485497508,,,,0.12199646703702699,,
2024-11-21,112.61031217809158,-7.135570485497508,0.032199369159331546,,0.00025802406064127676,0.12159391117415538,,
2024-11-22,112.61031217809158,-7.135570485497508,,5.288121749755007e-05,0.0004561301616914694,0.12278256729102953,,
2024-11-23,112.61031217809158,-7.135570485497508,,,,0.12380612521557251,,
2024-11-24,112.61031217809158,-7.135570485497508,,,,0.12277184758740543,,
2024-11-25,112.61031217809158,-7.135570485497508,,,,0.12096636057917573,,
2024-11-26,112.61031217809158,-7.135570485497508,0.03754887044870157,,,0.12141942088571865,,
2024-11-27,112.61031217809158,-7.135570485497508,,,,0.12096931976231028,,
2024-11-28,112.61031217809158,-7.135570485497508,,,,0.1200870863597299,,
2024-11-29,112.61031217809158,-7.135570485497508,,,,0.12066222059815915,,
2024-11-30,112.61031217809158,-7.135570485497508,0.02740870183371745,,,0.11622370165681689,,
2024-12-01,112.61031217809158,-7.135570485497508,,,,0.11921609710965494,,
2024-12-02,112.61031217809158,-7.135570485497508,,,,0.11983236554302405,,
2024-12-03,112.61031217809158,-7.135570485497508,0.030950995130137642,0.00019659750011591067,0.0003049836869270999,0.11749432114344396,3.796705970486378e-05,
2024-12-04,112.61031217809158,-7.135570485497508,,,,0.11820640460938404,,
2024-12-05,112.61031217809158,-7.135570485497508,,,,0.11883707644258858,,
2024-12-06,112.61031217809158,-7.135570485497508,,,,0.11851604191353537,,
2024-12-07,112.61031217809158,-7.135570485497508,,,,0.11786336700770648,,
2024-12-08,112.61031217809158,-7.135570485497508,,,,0.11846499785906874,,
2024-12-09,112.61031217809158,-7.135570485497508,,,,0.11844474172042409,,
2024-12-10,112.61031217809158,-7.135570485497508,0.02833339756889816,2.725352441150646e-05,0.0002163352911123156,0.11799709907308917,1.9015548534896603e-05,
2024-12-11,112.61031217809158,-7.135570485497508,,4.403535483416393e-05,0.00021251106701338646,0.11490240162013876,0.00023694262818778878,
2024-12-12,112.61031217809158,-7.135570485497508,,,,0.11823373154933656,,
2024-12-13,112.61031217809158,-7.135570485497508,,4.4854276461306214e-05,,0.11855038107170701,,
2024-12-14,112.61031217809158,-7.135570485497508,,,,0.11851019527372078,,
2024-12-15,112.61031217809158,-7.135570485497508,,,,0.12051703135530653,,
2024-12-16,112.61031217809158,-7.135570485497508,,,,0.12073178588187206,,
2024-12-17,112.61031217809158,-7.135570485497508,,,,0.11739796330689976,,
2024-12-18,112.61031217809158,-7.135570485497508,0.024725682519661462,,,0.11585439253919354,,
2024-12-19,112.61031217809158,-7.135570485497508,0.027051864470551485,2.3589662629962298e-05,8.043206727697031e-05,0.11860625572950899,-0.0001831121106267139,
2024-12-20,112.61031217809158,-7.135570485497508,,,,0.11843940552377541,,
2024-12-21,112.61031217809158,-7.135570485497508,0.029961316955055772,,,0.11867036902131717,,
2024-12-22,112.61031217809158,-7.135570485497508,,,,0.11838578293857964,,
2024-12-23,112.61031217809158,-7.135570485497508,,4.1065614196257724e-05,-4.5941972165027204e-05,0.1197479659223196,7.946246207427701e-05,
2024-12-24,112.61031217809158,-7.135570485497508,,,,0.12025105917678212,,
2024-12-25,112.61031217809158,-7.135570485497508,,,,0.12015063210414986,,
2024-12-26,112.61031217809158,-7.135570485497508,,5.322069520845199e-05,0.0002301862162100592,0.11827001703400751,,
2024-12-27,112.61031217809158,-7.135570485497508,,,,0.11669042015273398,,
2024-12-28,112.61031217809158,-7.135570485497508,,,,0.11851238517876843,,
2024-12-29,112.61031217809158,-7.135570485497508,,3.378470849976656e-05,,0.1186268226304208,0.0002530763434625778,
2024-12-30,112.61031217809158,-7.135570485497508,0.030543639983778854,,,0.1169115402069664,,
2024-12-31,112.61031217809158,-7.135570485497508,,,,0.11770049974233161,,
2025-01-01,112.61031217809158,-7.135570485497508,,,,0.11897802967582549,,
2025-01-02,112.61031217809158,-7.135570485497508,,,,0.11976941624620144,,
2025-01-03,112.61031217809158,-7.135570485497508,,3.9210610296935505e-05,0.00022294831372950366,0.11970565842296292,0.0013904637854553993,
2025-01-04,112.61031217809158,-7.135570485497508,,,,0.11772654586377668,,
2025-01-05,112.61031217809158,-7.135570485497508,,,,0.12265623083065898,,
2025-01-06,112.61031217809158,-7.135570485497508,0.029122183925746697,7.259826776481345e-05,0.00019716710517113994,0.11998074853818254,0.0002584271430366108,
2025-01-07,112.61031217809158,-7.135570485497508,,4.944089058885063e-05,0.00010062659875158604,0.11870842767174064,0.0001449076179838921,
2025-01-08,112.61031217809158,-7.135570485497508,,,,0.11758024423620982,,
2025-01-09,112.61031217809158,-7.135570485497508,0.0335971506530699,4.2410068635167694e-05,0.00020457360492143558,0.11823844216385637,1.4095855783792262e-06,
2025-01-10,112.61031217809158,-7.135570485497508,,,,0.1184908788299856,,
2025-01-11,112.61031217809158,-7.135570485497508,0.029532417488792807,2.806014496967399e-05,0.00026770689099937794,0.1182793238906927,0.0003099708259338092,
2025-01-12,112.61031217809158,-7.135570485497508,,,0.0002790245741223603,0.11856325283399657,0.0004416416527279582,
2025-01-13,112.61031217809158,-7.135570485497508,,,,0.11927261602702208,,
2025-01-14,112.61031217809158,-7.135570485497508,,,,0.1193656694156209,,
2025-01-15,112.61031217809158,-7.135570485497508,,,,0.1183796481861969,,
2025-01-16,112.61031217809158,-7.135570485497508,,,,0.1176714475842667,,
2025-01-17,112.61031217809158,-7.135570485497508,0.026890665633823616,,,0.11754968707772896,,
2025-01-18,112.61031217809158,-7.135570485497508,0.029834788082926774,3.229400742536274e-05,0.00014843485338149762,0.11905677372096311,-0.00011426055554567359,
2025-01-19,112.61031217809158,-7.135570485497508,,4.274741135649334e-05,0.00022966441573325091,0.1170474983647583,-0.00032192125099857123,
2025-01-20,112.61031217809158,-7.135570485497508,,,,0.12038811353917774,,
2025-01-21,112.61031217809158,-7.135570485497508,0.02970650978008558,,,0.11664578988457903,,
2025-01-22,112.61031217809158,-7.135570485497508,0.029785010939491225,5.1265964536065646e-05,,0.1172227866209811,-6.774738020681307e-05,
2025-01-23,112.61031217809158,-7.135570485497508,,,,0.11964822155171323,,
2025-01-24,112.61031217809158,-7.135570485497508,,,,0.11767867755069573,,
2025-01-25,112.61031217809158,-7.135570485497508,,5.192374807304669e-05,0.00024442201159128305,0.11745830619716566,0.0001553784918151416,
2025-01-26,112.61031217809158,-7.135570485497508,0.028086699079274618,2.998454942742757e-05,,0.11777659036268122,,
2025-01-27,112.61031217809158,-7.135570485497508,,,,0.11957325175269347,,
2025-01-28,112.61031217809158,-7.135570485497508,,,,0.11887195492335254,,
2025-01-29,112.61031217809158,-7.135570485497508,0.029116490429723526,,,0.11637795697350965,,
2025-01-30,112.61031217809158,-7.135570485497508,,,,0.11965917387385516,,
2025-01-31,112.61031217809158,-7.135570485497508,,,,0.11655636387030735,,
2025-02-01,112.61031217809158,-7.135570485497508,,,,0.12084606857436152,,
2025-02-02,112.61031217809158,-7.135570485497508,0.029194395296386733,,,0.11763559604228056,,
2025-02-03,112.61031217809158,-7.135570485497508,,,,0.11875657537460046,,
2025-02-04,112.61031217809158,-7.135570485497508,0.02643680554896857,,,0.1189107134884176,,
2025-02-05,112.61031217809158,-7.135570485497508,,,,0.11969475087254616,,
2025-02-06,112.61031217809158,-7.135570485497508,0.031118851690865628,1.6308587424687557e-05,0.00011724874299677974,0.11951981812689477,2.0059857168841354e-05,
2025-02-07,112.61031217809158,-7.135570485497508,,,,0.117515479332833,,
2025-02-08,112.61031217809158,-7.135570485497508,0.02882321058082511,2.2028340380155163e-05,0.0002157746330772463,0.11911273299340215,6.921481178655927e-05,
2025-02-09,112.61031217809158,-7.135570485497508,,3.256427011211962e-05,0.0002474814532037904,0.119873778420827,1.533669063611866e-05,
2025-02-10,112.61031217809158,-7.135570485497508,,,,0.11852523936771388,,
2025-02-11,112.61031217809158,-7.135570485497508,,,,0.11957161264373756,,
2025-02-12,112.61031217809158,-7.135570485497508,0.02854960875557384,2.6485731928489572e-05,0.000270294640327633,0.12034141080699563,0.00011854917358872478,
2025-02-13,112.61031217809158,-7.135570485497508,0.029440045750608657,2.4660474641194232e-05,0.00013305009870515246,0.11787378526492483,0.00016209347334209147,
2025-02-14,112.61031217809158,-7.135570485497508,,,,0.11980017737334953,,
2025-02-15,112.61031217809158,-7.135570485497508,0.029261042824987222,2.1869719740729533e-05,,0.1191506613268782,,
2025-02-16,112.61031217809158,-7.135570485497508,0.03420798434462293,2.9187809565977657e-05,0.0002512744374338075,0.119134279807529,,
2025-02-17,112.61031217809158,-7.135570485497508,,,,0.12225322030733136,,
2025-02-18,112.61031217809158,-7.135570485497508,0.043060265671606576,,,0.16031038161245795,,
2025-02-19,112.61031217809158,-7.135570485497508,0.0339237455203936,4.205183834587524e-05,0.00019678283182864175,0.11917975214467787,6.950835979153218e-05,
2025-02-20,112.61031217809158,-7.135570485497508,,,,0.12015393308396219,,
2025-02-21,112.61031217809158,-7.135570485497508,,,,0.11967457935135356,,
2025-02-22,112.61031217809158,-7.135570485497508,,,,0.11973020652063784,,
2025-02-23,112.61031217809158,-7.135570485497508,0.03052664390526522,,,0.11965937212515404,,
2025-02-24,112.61031217809158,-7.135570485497508,,,,0.11993868265549326,,
2025-02-25,112.61031217809158,-7.135570485497508,0.036526513361221216,5.5152759939527596e-05,4.197262391961693e-05,0.11946127268811131,9.740554825878078e-05,
2025-02-26,112.61031217809158,-7.135570485497508,,,,0.11878118868932763,,
2025-02-27,112.61031217809158,-7.135570485497508,,,,0.1178687218335662,,
2025-02-28,112.61031217809158,-7.135570485497508,0.026941124803938326,,,0.11947087247009443,,
2025-03-01,112.61031217809158,-7.135570485497508,0.03249529371558985,0.00026885351232665234,0.00019681716508326713,0.11728467045940984,-1.5764014696372e-05,
2025-03-02,112.61031217809158,-7.135570485497508,0.027093116363258434,9.281946388887608e-05,0.00010496794561312961,0.11708732913483634,0.0003178290791566729,
2025-03-03,112.61031217809158,-7.135570485497508,0.029324931703808534,9.345216439358185e-05,0.00016194942124195708,0.11713118023485676,-7.035328181527092e-05,
2025-03-04,112.61031217809158,-7.135570485497508,0.0299239938736281,4.596950654591578e-05,,0.11808759742265808,,
2025-03-05,112.61031217809158,-7.135570485497508,0.024648618044700962,9.937567302153354e-05,0.0002571062047068497,0.11903287401609587,0.00015708301958815147,
2025-03-06,112.61031217809158,-7.135570485497508,,,,0.11600969437814831,,
2025-03-07,112.61031217809158,-7.135570485497508,,,,0.11459126308642772,,
2025-03-08,112.61031217809158,-7.135570485497508,,,,0.11674378519962979,,
2025-03-09,112.61031217809158,-7.135570485497508,,,,0.11584430437320768,,
2025-03-10,112.61031217809158,-7.135570485497508,0.02923783684565463,,,0.11468130415184845,,
2025-03-11,112.61031217809158,-7.135570485497508,0.028392740192252006,3.6835939187719554e-05,0.00013698830818882613,0.11364713818137188,-1.8372185500005625e-05,
2025-03-12,112.61031217809158,-7.135570485497508,0.027984573476245455,3.251797452667244e-05,0.00022640263641638544,0.11528930304163117,-0.00019391500067813383,
2025-03-13,112.61031217809158,-7.135570485497508,,,,0.11712639519955838,,
2025-03-14,112.61031217809158,-7.135570485497508,,,,0.11660880882767428,,
2025-03-15,112.61031217809158,-7.135570485497508,,,,0.1161495637013779,,
2025-03-16,112.61031217809158,-7.135570485497508,,,,0.11299413522813467,,
2025-03-17,112.61031217809158,-7.135570485497508,,,,0.11643131409225932,,
2025-03-18,112.61031217809158,-7.135570485497508,0.029179270545420178,,,0.11677447913942449,,
2025-03-19,112.61031217809158,-7.135570485497508,,,,0.1156249495694658,,
2025-03-20,112.61031217809158,-7.135570485497508,,,,0.11602300848246716,,
2025-03-21,112.61031217809158,-7.135570485497508,0.0246095977279101,2.9165680490723428e-05,,0.11558891416907255,0.00046121621283220403,
2025-03-22,112.61031217809158,-7.135570485497508,0.0222199923664197,,,0.11550608117505083,,
2025-03-23,112.61031217809158,-7.135570485497508,0.030275917343433326,,,0.11516271006446636,,
2025-03-24,112.61031217809158,-7.135570485497508,,,,0.11446716106356086,,
2025-03-25,112.61031217809158,-7.135570485497508,0.03021946434451943,3.4268084844269656e-05,,0.11543882473553206,,
2025-03-26,112.61031217809158,-7.135570485497508,0.03199172245214254,3.3874243321211305e-05,3.017922009445255e-05,0.11444769992361499,0.00027489821248110664,
2025-03-27,112.61031217809158,-7.135570485497508,0.03165496361305184,3.424588198282825e-05,,0.11568281517879526,0.00015328269731819697,
2025-03-28,112.61031217809158,-7.135570485497508,0.029068120512059,,0.00014123974290387888,0.11647463862064189,0.0002595384804060694,
2025-03-29,112.61031217809158,-7.135570485497508,,,,0.11697003837955307,,
2025-03-30,112.61031217809158,-7.135570485497508,,,,0.1172615728083595,,
2025-03-31,112.61031217809158,-7.135570485497508,,,,0.11796351072043568,,
2025-04-01,112.61031217809158,-7.135570485497508,0.024559137074281732,,,0.11716007819807099,,
2025-04-02,112.61031217809158,-7.135570485497508,,,,0.11537992284250018,,
2025-04-03,112.61031217809158,-7.135570485497508,,,,0.11635419566752078,,
2025-04-04,112.61031217809158,-7.135570485497508,,,,0.11592792774743459,,
2025-04-05,112.61031217809158,-7.135570485497508,,,,0.11699677389715114,,
2025-04-06,112.61031217809158,-7.135570485497508,0.031197043500144874,5.4353994896071756e-05,0.0001067400144337161,0.11551293411450402,7.51617135805503e-05,
2025-04-07,112.61031217809158,-7.135570485497508,0.015748969655190546,0.0002519192073750251,0.00018447633648506983,0.1155342379839338,0.0002816151561648985,
2025-04-08,112.61031217809158,-7.135570485497508,0.031815067257368136,,,0.11332686897859967,,
2025-04-09,112.61031217809158,-7.135570485497508,,,,0.11171352433090473,,
2025-04-10,112.61031217809158,-7.135570485497508,,,,0.11529209916913256,,
2025-04-11,112.61031217809158,-7.135570485497508,,,,0.1156817764330877,,
2025-04-12,112.61031217809158,-7.135570485497508,,,,0.11520294368820001,,
2025-04-13,112.61031217809158,-7.135570485497508,,,,0.11731987969082758,,
2025-04-14,112.61031217809158,-7.135570485497508,0.026873630979868123,,0.00020112163961018723,0.11410975886939839,,
2025-04-15,112.61031217809158,-7.135570485497508,,,,0.11691034983219148,,
2025-04-16,112.61031217809158,-7.135570485497508,,,,0.11803802490361379,,
2025-04-17,112.61031217809158,-7.135570485497508,0.02556175109115351,3.386057177115128e-05,0.00032305653995141014,0.11939772761863036,,
2025-04-18,112.61031217809158,-7.135570485497508,,,,0.11721678278117574,,
2025-04-19,112.61031217809158,-7.135570485497508,0.032582808407095105,8.519234045260007e-05,0.00025371405796737574,0.11642731672243434,8.277539572982419e-05,
2025-04-20,112.61031217809158,-7.135570485497508,,,,0.11877805487532794,,
2025-04-21,112.61031217809158,-7.135570485497508,,,,0.11750742781923763,,
2025-04-22,112.61031217809158,-7.135570485497508,0.02628086993461753,4.2324778931453094e-05,9.227725057603075e-05,0.11814983698517666,0.00013471680868462396,
2025-04-23,112.61031217809158,-7.135570485497508,0.021981782089139174,6.742541056072482e-05,0.0002099419363811935,0.11431699186010175,0.00044236837012619267,
2025-04-24,112.61031217809158,-7.135570485497508,,,,0.11587690061075165,,
2025-04-25,112.61031217809158,-7.135570485497508,,,,0.11671901483800058,,
2025-04-26,112.61031217809158,-7.135570485497508,0.028937694441213194,6.402308609464585e-05,0.000416113905363956,0.11824378549562663,3.0378619730550816e-05,
2025-04-27,112.61031217809158,-7.135570485497508,0.02719173403888973,4.424119356779904e-05,0.0002013689764373373,0.11727378513322939,-0.00016964020710727573,
2025-04-28,112.61031217809158,-7.135570485497508,0.024960855706760047,0.00011802015234470697,0.0002294725656144473,0.11720014695654295,0.0002390407880478539,
2025-04-29,112.61031217809158,-7.135570485497508,0.028689253959348862,0.00011285762802602518,0.00012432111875142307,0.11840064547176815,5.394610880860506e-05,1887.5753881510711
2025-04-30,112.61031217809158,-7.135570485497508,,0.00013657279436534722,0.00024054946433608947,0.11889575587844026,3.960391177802289e-05,
2025-05-01,112.61031217809158,-7.135570485497508,0.03029319664874011,5.165311248647415e-05,0.00017327659571408845,0.11755200213794663,0.0004854130992680077,
2025-05-02,112.61031217809158,-7.135570485497508,,,,0.11801989143032622,,
2025-05-03,112.61031217809158,-7.135570485497508,0.030950853191147785,6.837153962117316e-05,0.00014659658854430897,0.117484009400661,0.0002529973445629405,
2025-05-04,112.61031217809158,-7.135570485497508,0.027590869712213806,0.00010531698146790663,7.181704651939072e-05,0.11364947599646838,-0.0002954374645176333,
2025-05-05,112.61031217809158,-7.135570485497508,0.025933230155219356,4.570459991054954e-05,-0.00010592221868607616,0.1157656209722709,6.646051082213933e-05,
2025-05-06,112.61031217809158,-7.135570485497508,,,,0.11779937395191566,,
2025-05-07,112.61031217809158,-7.135570485497508,,,,0.1165886011225586,,
2025-05-08,112.61031217809158,-7.135570485497508,,,,0.11713370352134843,,
2025-05-09,112.61031217809158,-7.135570485497508,,,,0.1168526388742424,,
2025-05-10,112.61031217809158,-7.135570485497508,0.03480013801068851,8.934793360700641e-05,0.00011663748241088843,0.11680016697549826,9.806849952702735e-05,
2025-05-11,112.61031217809158,-7.135570485497508,,5.497062565646472e-05,0.00010546416703664684,0.11992896431021058,1.106680809037054e-05,
2025-05-12,112.61031217809158,-7.135570485497508,,,,0.11886879933854369,,
2025-05-13,112.61031217809158,-7.135570485497508,,,,0.11951217145586393,,
2025-05-14,112.61031217809158,-7.135570485497508,0.030890046391561427,8.989973712427105e-05,5.294490181029556e-05,0.11763007890232102,2.2568074184410298e-05,
2025-05-15,112.61031217809158,-7.135570485497508,,,,0.1192454070867373,,
2025-05-16,112.61031217809158,-7.135570485497508,,,,0.11808460971590405,,
2025-05-17,112.61031217809158,-7.135570485497508,0.03293607050082948,,,0.1173945041435475,,
2025-05-18,112.61031217809158,-7.135570485497508,,4.459488360382149e-05,0.00022395161819327832,0.11674226835333691,0.0002086903908751451,
2025-05-19,112.61031217809158,-7.135570485497508,,,,0.11809933861279623,,
2025-05-20,112.61031217809158,-7.135570485497508,0.02802584894423135,,0.0003944706992209574,0.11523353128083441,,
2025-05-21,112.61031217809158,-7.135570485497508,,3.185602692584513e-05,0.00016831394204312587,0.11499569374302247,,
2025-05-22,112.61031217809158,-7.135570485497508,0.028496396325215563,,,0.11568513074602203,,
2025-05-23,112.61031217809158,-7.135570485497508,,,,0.11886882619624003,,
2025-05-24,112.61031217809158,-7.135570485497508,0.031033493139198946,6.863579950730057e-05,2.9052003688309304e-05,0.11611730095283736,7.917758045807367e-05,
2025-05-25,112.61031217809158,-7.135570485497508,0.01588005940094564,5.7763038704822566e-05,0.00020737345383491885,0.11323579411734001,0.00018113963889372013,
2025-05-26,112.61031217809158,-7.135570485497508,,,,0.11725961879674886,,
2025-05-27,112.61031217809158,-7.135570485497508,,,,0.11765214345446387,,
2025-05-28,112.61031217809158,-7.135570485497508,0.030904641359367272,0.00013458631242520966,0.00030024099596163674,0.11843154411257072,,
2025-05-29,112.61031217809158,-7.135570485497508,0.02815463116988721,0.0002209968088596207,0.00018714954822313055,0.1169956038679443,0.00022798145915566446,
2025-05-30,112.61031217809158,-7.135570485497508,0.02632076257503402,0.0002862124430399897,0.00032437341136855606,0.11407958822166743,0.00043965548394030884,
2025-05-31,112.61031217809158,-7.135570485497508,0.02045450952736174,,,0.11418123986489137,,
2025-06-01,112.61031217809158,-7.135570485497508,,,,0.1148064072404262,,
2025-06-02,112.61031217809158,-7.135570485497508,,0.00015670672121281194,0.0001453444478413113,0.11447391805227491,,
2025-06-03,112.61031217809158,-7.135570485497508,0.026008863289309594,0.00023115609501425687,0.00037957080408091733,0.11457607038926461,0.00014423505120582286,
2025-06-04,112.61031217809158,-7.135570485497508,0.024374762207489332,6.0776267565167114e-05,0.0001681290861454863,0.11421731121001166,0.0007139606859517922,
2025-06-05,112.61031217809158,-7.135570485497508,0.03586419684324263,0.0002642201108644352,0.00021245903713890932,0.11287726281453754,0.0007824479744371679,
2025-06-06,112.61031217809158,-7.135570485497508,0.030402174091374693,6.016753400634347e-05,0.000178567192130684,0.11394657328075142,0.0003134313718363367,
2025-06-07,112.61031217809158,-7.135570485497508,,,,0.11469718934938017,,
2025-06-08,112.61031217809158,-7.135570485497508,0.03114074461048294,8.511234749453988e-05,0.00035082987940519275,0.11323756936099692,0.0006755282680496899,
2025-06-09,112.61031217809158,-7.135570485497508,,,,0.11307976865491894,,
2025-06-10,112.61031217809158,-7.135570485497508,,,,0.11574844911478539,,
2025-06-11,112.61031217809158,-7.135570485497508,0.02846230854308612,7.342191228206336e-05,0.00011949340690328375,0.11554182769825241,0.0004985857779147854,1851.872960290332
2025-06-12,112.61031217809158,-7.135570485497508,0.028528043124583364,4.177645515765366e-05,0.00019030460327367152,0.11801770057541042,0.0009947709682271886,
2025-06-13,112.61031217809158,-7.135570485497508,,,,0.1146562784157371,,
2025-06-14,112.61031217809158,-7.135570485497508,,,,0.1151752744056172,,
2025-06-15,112.61031217809158,-7.135570485497508,0.02653615153456966,6.185730000346107e-05,0.00015574582259073288,0.11513953020342643,0.0001337599361595425,
2025-06-16,112.61031217809158,-7.135570485497508,0.03178764898579247,5.76446886603118e-05,0.0001544472219498175,0.11884538812567642,0.00018552557775832883,
2025-06-17,112.61031217809158,-7.135570485497508,0.03492543713712958,5.957576067103268e-05,0.00010448998446871825,0.11653232999699428,0.000256581030048624,
2025-06-18,112.61031217809158,-7.135570485497508,0.028238755966571234,,,0.11648616118372808,,
2025-06-19,112.61031217809158,-7.135570485497508,,,,0.11320764821587753,,
2025-06-20,112.61031217809158,-7.135570485497508,,,,0.11175142120830968,,
2025-06-21,112.61031217809158,-7.135570485497508,0.03408202499787107,9.060134068842877e-05,0.00016262433467401506,0.1121137782830586,0.0018478729021492216,
2025-06-22,112.61031217809158,-7.135570485497508,0.027773463355543072,,-0.00011861283630117148,0.11256938084404748,,
2025-06-23,112.61031217809158,-7.135570485497508,0.026180578199735818,4.86075903891434e-05,8.891972340935971e-06,0.11532201510186589,0.0006003648726280656,
2025-06-24,112.61031217809158,-7.135570485497508,0.030670203840552177,0.00015935982372617766,0.00019345319303993674,0.11524420673060334,0.00036342271344258004,
2025-06-25,112.61031217809158,-7.135570485497508,,,,0.11579480983469571,,
2025-06-26,112.61031217809158,-7.135570485497508,0.02622957648217994,6.872403210701628e-05,7.145332422403878e-05,0.11546282209372667,-0.0005639133205215689,
2025-06-27,112.61031217809158,-7.135570485497508,0.02485596185150265,3.4040277232013604e-05,0.00020917177687649864,0.11593327934434214,-0.0001018741207587427,
2025-06-28,112.61031217809158,-7.135570485497508,,,,0.11641868778652756,,
2025-06-29,112.61031217809158,-7.135570485497508,,,,0.11609513778953827,,
2025-06-30,112.61031217809158,-7.135570485497508,0.02967416602383198,7.386383050444089e-05,0.00021489039826858307,0.11603568058585093,0.000345536735485088,
2025-07-01,112.61031217809158,-7.135570485497508,0.026708495618977295,6.948612939896365e-05,-3.1652434490412136e-05,0.11391025782492738,-6.372166938366575e-06,
2025-07-02,112.61031217809158,-7.135570485497508,0.027596355041666173,7.884956882907488e-05,0.00024665537770242227,0.11192045395340265,4.293692249099339e-05,1810.533390848121
2025-07-03,112.61031217809158,-7.135570485497508,0.029407808441162035,,,0.1110026830047045,,
2025-07-04,112.61031217809158,-7.135570485497508,0.024496827916733393,,,0.11172782847069132,,
2025-07-05,112.61031217809158,-7.135570485497508,0.02625327399116695,0.00010387715612766247,0.000267918335286301,0.11308472732150042,0.00024557677146329923,
2025-07-06,112.61031217809158,-7.135570485497508,0.025270177117356667,,,0.11015365001633823,,
2025-07-07,112.61031217809158,-7.135570485497508,,,,0.11383951920009552,,
2025-07-08,112.61031217809158,-7.135570485497508,0.027594239435592735,7.020117310736529e-05,0.00012828369898220876,0.11201421308230994,-0.00010653457484597187,
2025-07-09,112.61031217809158,-7.135570485497508,0.02921524133157476,0.00013175381338667596,0.00031496154471219977,0.11345900321544598,0.0009854131911675454,
2025-07-10,112.61031217809158,-7.135570485497508,0.02922357240590534,0.00013547652284802238,0.0002882066728353688,0.1136058419941077,0.0003359327707911002,
2025-07-11,112.61031217809158,-7.135570485497508,0.02740328156770843,0.00018147169641428905,0.00042141463393136265,0.11387050225201577,0.00044161496770068966,
2025-07-12,112.61031217809158,-7.135570485497508,,,,0.11705931889148533,,
2025-07-13,112.61031217809158,-7.135570485497508,0.025278755237596796,3.0843242242369673e-05,7.649792363101463e-05,0.11347861850879891,-5.224299797899337e-05,
2025-07-14,112.61031217809158,-7.135570485497508,0.025703727990240153,0.0001410497134319759,0.00020569637443713516,0.1135070132316362,7.568375973163936e-05,
2025-07-15,112.61031217809158,-7.135570485497508,0.023729660439224518,0.00010135303650395267,,0.11393115619885018,0.0007530552586967726,
2025-07-16,112.61031217809158,-7.135570485497508,0.032237783639854405,0.0002278206234119913,0.0002757131782012729,0.11243018436716096,6.953976849223334e-05,
2025-07-17,112.61031217809158,-7.135570485497508,0.030046794142547125,0.00020140074375302856,0.00023791220476820782,0.11322541446676807,0.00021177221113419188,1792.9052691259876
2025-07-18,112.61031217809158,-7.135570485497508,0.032064821263809294,,0.00036497269882040256,0.11130547172705542,-0.00014072723452383955,
2025-07-19,112.61031217809158,-7.135570485497508,0.03523964349337364,0.0002956054284879355,4.14970191022482e-05,0.11322834807603405,0.0001789700487939018,
2025-07-20,112.61031217809158,-7.135570485497508,0.033378548979389334,8.706000748838475e-05,0.00031425824474726237,0.11242142617349599,-0.0003023270648824601,
2025-07-21,112.61031217809158,-7.135570485497508,0.024596053185478667,0.00011190721817782526,0.00035292734469825145,0.11579445381074571,0.0006426946208129052,1875.5812132793362
2025-07-22,112.61031217809158,-7.135570485497508,0.02687409560187098,0.00010931324936416615,0.00020951508517130874,0.11385700996203224,0.00023180864676765225,1886.623508662988
2025-07-23,112.61031217809158,-7.135570485497508,0.032350821378220665,0.00014732541662283873,0.00010290256999821932,0.11171948384293988,0.00016565896755510234,
2025-07-24,112.61031217809158,-7.135570485497508,0.030441656130664706,4.442345062362334e-05,0.00019016462101211444,0.11475594183747954,8.40418586592767e-05,
2025-07-25,112.61031217809158,-7.135570485497508,0.027333293733368166,4.387230555924468e-05,8.089071945974954e-05,0.11394625789221934,-8.738049382809795e-05,
2025-07-26,112.61031217809158,-7.135570485497508,0.026315626388198766,0.0001168288020793093,0.00011576092436093151,0.11391308206504294,0.00016740531023835063,
2025-07-27,112.61031217809158,-7.135570485497508,0.02996567444160664,8.12622472352255e-05,0.00024766475467096367,0.11304859088795424,0.0002120671945479702,1888.3404987211936
2025-07-28,112.61031217809158,-7.135570485497508,0.03590217256449393,9.779631234430761e-05,0.0002739394459696874,0.1121918002537032,0.00016646080696420317,
2025-07-29,112.61031217809158,-7.135570485497508,0.029207659733995486,,,0.11187084530197415,,
2025-07-30,112.61031217809158,-7.135570485497508,0.028751822316611348,3.876135685772296e-05,-3.4470035287641096e-05,0.11371034169493148,0.00033778440744372057,
2025-07-31,112.61031217809158,-7.135570485497508,0.022654853902179216,7.581714322124421e-05,0.0002453458155663229,0.11473537295120316,0.00024510602486988836,
2025-08-01,112.61031217809158,-7.135570485497508,0.027597589136475382,0.0001027092887143422,0.00018407429064799685,0.11428466852168155,2.9060046040692654e-05,
2025-08-02,112.61031217809158,-7.135570485497508,0.02623510232169977,7.39746042013993e-05,8.078671257862779e-05,0.11455608151832258,6.78773618118241e-05,
2025-08-03,112.61031217809158,-7.135570485497508,0.02512208717498517,4.641629884001278e-05,0.00010630542582481728,0.11479786650079139,0.0001363618476836539,
2025-08-04,112.61031217809158,-7.135570485497508,0.03035093649421288,4.6870673848637923e-05,0.0001772692649942715,0.1162229291363352,-8.841270411301974e-05,
2025-08-05,112.61031217809158,-7.135570485497508,0.030107674231300785,,,0.11730334923420056,,
2025-08-06,112.61031217809158,-7.135570485497508,0.028878419723640966,0.00012586500948264957,7.995189935787854e-05,0.11653118328220113,0.000609008152088291,1890.1227890200228
2025-08-07,112.61031217809158,-7.135570485497508,0.031453620551612556,0.0002591187395330548,0.00014407368313082788,0.11380636028548353,0.0002480249029989512,
2025-08-08,112.61031217809158,-7.135570485497508,0.02741169481300936,0.00011749712604301078,7.306716192111676e-05,0.11663499141019007,0.0002283987021128524,
2025-08-09,112.61031217809158,-7.135570485497508,0.03155745695605595,6.413373545043448e-05,3.577198416275421e-05,0.11436187250543896,-0.00015222813402581065,
2025-08-10,112.61031217809158,-7.135570485497508,0.0326400755309002,6.378836104107501e-05,0.00044513583855435474,0.11383345307595506,0.0003801020103983053,
2025-08-11,112.61031217809158,-7.135570485497508,0.026412001813090877,8.853926851845109e-05,0.00021728234012801905,0.11460642357268955,-6.443389975011397e-06,
2025-08-12,112.61031217809158,-7.135570485497508,0.026427753733606764,0.00010086430350932839,0.00024997878444045957,0.11555608687839858,0.0004277213347148684,1859.1668850219005
2025-08-13,112.61031217809158,-7.135570485497508,,7.912771051843812e-05,0.0002974099047143018,0.11494071646648071,0.00011899098481036476,
2025-08-14,112.61031217809158,-7.135570485497508,0.030531289022670747,9.307899534291664e-05,0.0002162112006838545,0.1157652077148344,0.00040820382340512836,
2025-08-15,112.61031217809158,-7.135570485497508,0.02787342106540151,4.804394221345203e-05,0.0001704568205664535,0.11723830824830751,-2.9205287859344687e-05,
2025-08-16,112.61031217809158,-7.135570485497508,0.026285169458833895,5.322133580394209e-05,0.00013729644529835312,0.11752603095512065,-4.907596274176285e-05,
2025-08-17,112.61031217809158,-7.135570485497508,0.027143885148245357,7.730852694848284e-05,0.0002491415951322472,0.11425571512135538,2.5273451063046624e-05,
2025-08-18,112.61031217809158,-7.135570485497508,0.027808979107807674,,,0.11257129538617656,,
2025-08-19,112.61031217809158,-7.135570485497508,,,,0.11689840957322573,,
2025-08-20,112.61031217809158,-7.135570485497508,0.033735864512921286,9.595094748225986e-05,0.00011291578294348912,0.11382259952779986,0.0006616476795705211,
2025-08-21,112.61031217809158,-7.135570485497508,0.028781503772942314,,,0.11299837603221276,,
2025-08-22,112.61031217809158,-7.135570485497508,0.02591892442214439,0.00027437595578175256,0.0003060432627789966,0.11444739184775604,-3.1044480442473765e-05,
2025-08-23,112.61031217809158,-7.135570485497508,0.02825505620249661,0.00012454271606842274,0.00022351710255823676,0.11495838790697778,0.00026932250809320624,
2025-08-24,112.61031217809158,-7.135570485497508,0.03293778668776085,0.00022720384703830366,0.00010686400569799803,0.11585056693409251,6.535521293228074e-05,
2025-08-25,112.61031217809158,-7.135570485497508,0.030752092453429147,0.0001456535705852715,0.0002230928314202131,0.11677648829016668,0.0007782386090590519,1867.2893503179955
2025-08-26,112.61031217809158,-7.135570485497508,,7.852120390504003e-05,-0.0001107016987472451,0.11501537368764916,0.0005550374849147977,
2025-08-27,112.61031217809158,-7.135570485497508,0.02966244670737846,7.489263897317087e-05,,0.11583558358249105,0.0003415455383899998,
2025-08-28,112.61031217809158,-7.135570485497508,0.02840764763941434,9.642809094577838e-05,5.125675326778931e-05,0.1166870968980428,6.03676762837593e-05,
2025-08-29,112.61031217809158,-7.135570485497508,0.023379517601708713,9.726089506193429e-05,0.00012118007327635277,0.11307440918536486,0.000113721637182403,
2025-08-30,112.61031217809158,-7.135570485497508,0.02736194238415182,4.97601535929258e-05,0.00014360874400103066,0.11423544177646743,-7.278133800360902e-05,
