nama,daerah,cluster_pca,cluster_68fitur
Nurhabibatul Umah,"Kerek, Tuban",0,0
Verdi Setyawan Ardiansyah Putra,Menganti Gresik,0,0
Okan Syailendra wahyudi,"Manyar, Gresik",0,0
Mochammad Zaenal Abidin,"Widang, Tuban",0,0
M. Hendrik Purwanto,"Sreseh, Sampang",0,0
Robbaniyah Umdatun Ni'mah,"Cerme, Gresik",0,0
Ainur Raftuzzaki,Nunukan,0,0
Magdalena Jovita Hatuopar,"Pilangkenceng, Madiun",0,0
Rachelia Andini Tendean,"Tikala, Manado",0,0
Kurnia Maulinda Sari,"Labang, Bangkalan",0,0
Marshella Aulia Putri,"Kec. Kalianget, Sumenep",0,0
Ahmad Dafi Zidni Alfarisi,"Paciran, Lamongan",0,0
Rian Renaldy,"Waru, Pamekasan",0,0
Ahmad Syahrul Farihin,"Gresik Kota, Gresik",0,0
Dedy Nurohim,sambeng lamongan,0,0
Deo Candra Saputra,"Widodaren, Ngawi",0,0
AHMAD MAULANA ISHAQ,"Kertosono, Ngajuk",0,0
Triswanti Jannatul Ma'wa,Kedungpring Lamongan,0,0
Muhammad Isa,"Bandung, Jogoroto, Jombang",0,0
Lailatul Hasanah,"Socah, Bangkalan",0,0
Mohammad Aziz Huzaini,"Tanah Merah, Bangkalan",0,0
Laila Maghfiroh,"Kamal, Bangkalan",0,0
Muhammad izzul Millah Aqil,"Wonokromo, Surabaya",0,0
Fathul Aziz Saifuddin,"Dukun, Gresik",0,0
M. Fatihul Umam,"Kwanyar, Bangkalan",0,0
Rahardian Ananta,"jabon , Sidoarjo",0,0
Alifah Sayyidaturrhohma,"Kota Sumenep, Sumenep",0,0
Muhammad Ali Murtadho,Baron Nganjuk,0,0
Fahdimas akmal,"Kwanyar, Bangkalan",0,0
Fathan Ruhul Alam,"Warudoyong, Kota Sukabumi",0,0
Rifqi Fairurrafi,"Kec. Bangkalan, Kab. Bangkalan",0,0
Alghifari Amar Mukhasyafah,Wonoayu,0,0
Moh Rafie Nazar J,"Kecamatan Bangkalan,Bangkalan",0,0
Muhammad Zaidan Nabil Rafi,"Kamal, Bangkalan",0,0
Riska Nana Nuril Fadilah,"Asemrowo, Surabaya",0,0
Dewi Geizya,"Kamal, Banyuajuh",1,1
