"row ID","Column","Min","Max","Mean","Std. deviation","Variance","Skewness","Kurtosis","Overall sum","No. missings","No. NaNs","No. +∞s","No. -∞s","Median","Row count","Histogram"
"longitude","longitude",112.61031217809158,112.61031217809158,112.61031217809158,0,0,0,0,40990.153632825335,0,0,0,0,112.61031217809158,364,"
<svg stroke-dasharray=""none"" shape-rendering=""auto""
     xmlns=""http://www.w3.org/2000/svg"" font-family=""&apos;Dialog&apos;""
     width=""200"" text-rendering=""auto"" fill-opacity=""1""
     contentScriptType=""text/ecmascript"" color-interpolation=""auto""
     color-rendering=""auto"" preserveAspectRatio=""xMidYMid meet"" font-size=""12px""
     fill=""black"" xmlns:xlink=""http://www.w3.org/1999/xlink"" stroke=""black""
     image-rendering=""auto"" stroke-miterlimit=""10"" zoomAndPan=""magnify""
     version=""1.0"" stroke-linecap=""square"" stroke-linejoin=""miter""
     contentStyleType=""text/css"" font-style=""normal"" height=""100""
     stroke-width=""1"" stroke-dashoffset=""0"" font-weight=""normal""
     stroke-opacity=""1"">
    <!--Generated by the Batik Graphics2D SVG Generator-->
    <defs id=""genericDefs""/>
    <g>
        <g fill=""rgb(170,204,255)"" stroke=""rgb(170,204,255)"">
            <rect x=""0"" width=""200"" height=""85"" y=""0"" stroke=""none""/>
            <line y2=""85"" fill=""none"" x1=""0"" x2=""200"" stroke=""rgb(64,64,64)""
                  y1=""85""/>
            <line fill=""none"" x1=""0"" x2=""0"" y1=""0"" y2=""85""
                  stroke=""rgb(64,64,64)"" stroke-width=""1.5""/>
            <line fill=""none"" x1=""0"" x2=""200"" y1=""0"" y2=""0""
                  stroke=""rgb(64,64,64)"" stroke-width=""1.5""/>
            <line fill=""none"" x1=""200"" x2=""200"" y1=""0"" y2=""85""
                  stroke=""rgb(64,64,64)"" stroke-width=""1.5""/>
            <text fill=""black"" x=""25"" xml:space=""preserve"" stroke-width=""1.5""
                  y=""100"" stroke=""none"">112.6103</text><line fill=""none"" x1=""20""
                  x2=""20"" y1=""85"" y2=""90"" stroke=""black"" stroke-width=""1.5""/>
        </g>
    </g>
</svg>"
"latitude","latitude",-7.135570485497508,-7.135570485497508,-7.135570485497508,0,0,0,0,-2597.3476567210932,0,0,0,0,-7.135570485497508,364,"
<svg stroke-dasharray=""none"" shape-rendering=""auto""
     xmlns=""http://www.w3.org/2000/svg"" font-family=""&apos;Dialog&apos;""
     width=""200"" text-rendering=""auto"" fill-opacity=""1""
     contentScriptType=""text/ecmascript"" color-interpolation=""auto""
     color-rendering=""auto"" preserveAspectRatio=""xMidYMid meet"" font-size=""12px""
     fill=""black"" xmlns:xlink=""http://www.w3.org/1999/xlink"" stroke=""black""
     image-rendering=""auto"" stroke-miterlimit=""10"" zoomAndPan=""magnify""
     version=""1.0"" stroke-linecap=""square"" stroke-linejoin=""miter""
     contentStyleType=""text/css"" font-style=""normal"" height=""100""
     stroke-width=""1"" stroke-dashoffset=""0"" font-weight=""normal""
     stroke-opacity=""1"">
    <!--Generated by the Batik Graphics2D SVG Generator-->
    <defs id=""genericDefs""/>
    <g>
        <g fill=""rgb(170,204,255)"" stroke=""rgb(170,204,255)"">
            <rect x=""0"" width=""200"" height=""85"" y=""0"" stroke=""none""/>
            <line y2=""85"" fill=""none"" x1=""0"" x2=""200"" stroke=""rgb(64,64,64)""
                  y1=""85""/>
            <line fill=""none"" x1=""0"" x2=""0"" y1=""0"" y2=""85""
                  stroke=""rgb(64,64,64)"" stroke-width=""1.5""/>
            <line fill=""none"" x1=""0"" x2=""200"" y1=""0"" y2=""0""
                  stroke=""rgb(64,64,64)"" stroke-width=""1.5""/>
            <line fill=""none"" x1=""200"" x2=""200"" y1=""0"" y2=""85""
                  stroke=""rgb(64,64,64)"" stroke-width=""1.5""/>
            <text fill=""black"" x=""20"" xml:space=""preserve"" stroke-width=""1.5""
                  y=""100"" stroke=""none"">-7.1356</text><line fill=""none"" x1=""20""
                  x2=""20"" y1=""85"" y2=""90"" stroke=""black"" stroke-width=""1.5""/>
        </g>
    </g>
</svg>"
"CO","CO",0.0157489696551905,0.0505613486136076,0.030906099664735977,0.005441956662018448,0.000029614892311286968,0.797865797293856,1.2062327321052593,6.490280929594555,154,0,0,0,0.02980989951120895,364,"
<svg stroke-dasharray=""none"" shape-rendering=""auto""
     xmlns=""http://www.w3.org/2000/svg"" font-family=""&apos;Dialog&apos;""
     width=""200"" text-rendering=""auto"" fill-opacity=""1""
     contentScriptType=""text/ecmascript"" color-interpolation=""auto""
     color-rendering=""auto"" preserveAspectRatio=""xMidYMid meet"" font-size=""12px""
     fill=""black"" xmlns:xlink=""http://www.w3.org/1999/xlink"" stroke=""black""
     image-rendering=""auto"" stroke-miterlimit=""10"" zoomAndPan=""magnify""
     version=""1.0"" stroke-linecap=""square"" stroke-linejoin=""miter""
     contentStyleType=""text/css"" font-style=""normal"" height=""100""
     stroke-width=""1"" stroke-dashoffset=""0"" font-weight=""normal""
     stroke-opacity=""1"">
    <!--Generated by the Batik Graphics2D SVG Generator-->
    <defs id=""genericDefs""/>
    <g>
        <g fill=""rgb(170,204,255)"" stroke=""rgb(170,204,255)"">
            <rect x=""177"" width=""23"" height=""1"" y=""84"" stroke=""none""/>
            <rect x=""155"" width=""23"" height=""3"" y=""82"" stroke=""none""/>
            <rect x=""133"" width=""23"" height=""4"" y=""81"" stroke=""none""/>
            <rect x=""111"" width=""23"" height=""11"" y=""74"" stroke=""none""/>
            <rect x=""88"" width=""23"" height=""16"" y=""69"" stroke=""none""/>
            <rect x=""66"" width=""23"" height=""34"" y=""51"" stroke=""none""/>
            <rect x=""44"" width=""23"" height=""17"" y=""68"" stroke=""none""/>
            <rect x=""22"" width=""23"" height=""2"" y=""83"" stroke=""none""/>
            <rect x=""0"" width=""23"" height=""1"" y=""84"" stroke=""none""/>
            <line y2=""85"" fill=""none"" x1=""0"" x2=""200"" stroke=""rgb(64,64,64)""
                  y1=""85""/>
            <line fill=""none"" x1=""177"" x2=""177"" y1=""84"" y2=""85""
                  stroke=""rgb(64,64,64)"" stroke-width=""1.5""/>
            <line fill=""none"" x1=""177"" x2=""200"" y1=""84"" y2=""84""
                  stroke=""rgb(64,64,64)"" stroke-width=""1.5""/>
            <line fill=""none"" x1=""200"" x2=""200"" y1=""84"" y2=""85""
                  stroke=""rgb(64,64,64)"" stroke-width=""1.5""/>
            <line fill=""none"" x1=""155"" x2=""155"" y1=""82"" y2=""85""
                  stroke=""rgb(64,64,64)"" stroke-width=""1.5""/>
            <line fill=""none"" x1=""155"" x2=""177"" y1=""82"" y2=""82""
                  stroke=""rgb(64,64,64)"" stroke-width=""1.5""/>
            <line fill=""none"" x1=""177"" x2=""177"" y1=""82"" y2=""85""
                  stroke=""rgb(64,64,64)"" stroke-width=""1.5""/>
            <line fill=""none"" x1=""133"" x2=""133"" y1=""81"" y2=""85""
                  stroke=""rgb(64,64,64)"" stroke-width=""1.5""/>
            <line fill=""none"" x1=""133"" x2=""155"" y1=""81"" y2=""81""
                  stroke=""rgb(64,64,64)"" stroke-width=""1.5""/>
            <line fill=""none"" x1=""155"" x2=""155"" y1=""81"" y2=""85""
                  stroke=""rgb(64,64,64)"" stroke-width=""1.5""/>
            <line fill=""none"" x1=""111"" x2=""111"" y1=""74"" y2=""85""
                  stroke=""rgb(64,64,64)"" stroke-width=""1.5""/>
            <line fill=""none"" x1=""111"" x2=""133"" y1=""74"" y2=""74""
                  stroke=""rgb(64,64,64)"" stroke-width=""1.5""/>
            <line fill=""none"" x1=""133"" x2=""133"" y1=""74"" y2=""85""
                  stroke=""rgb(64,64,64)"" stroke-width=""1.5""/>
            <line fill=""none"" x1=""88"" x2=""88"" y1=""69"" y2=""85""
                  stroke=""rgb(64,64,64)"" stroke-width=""1.5""/>
            <line fill=""none"" x1=""88"" x2=""111"" y1=""69"" y2=""69""
                  stroke=""rgb(64,64,64)"" stroke-width=""1.5""/>
            <line fill=""none"" x1=""111"" x2=""111"" y1=""69"" y2=""85""
                  stroke=""rgb(64,64,64)"" stroke-width=""1.5""/>
            <line fill=""none"" x1=""66"" x2=""66"" y1=""51"" y2=""85""
                  stroke=""rgb(64,64,64)"" stroke-width=""1.5""/>
            <line fill=""none"" x1=""66"" x2=""88"" y1=""51"" y2=""51""
                  stroke=""rgb(64,64,64)"" stroke-width=""1.5""/>
            <line fill=""none"" x1=""88"" x2=""88"" y1=""51"" y2=""85""
                  stroke=""rgb(64,64,64)"" stroke-width=""1.5""/>
            <line fill=""none"" x1=""44"" x2=""44"" y1=""68"" y2=""85""
                  stroke=""rgb(64,64,64)"" stroke-width=""1.5""/>
            <line fill=""none"" x1=""44"" x2=""66"" y1=""68"" y2=""68""
                  stroke=""rgb(64,64,64)"" stroke-width=""1.5""/>
            <line fill=""none"" x1=""66"" x2=""66"" y1=""68"" y2=""85""
                  stroke=""rgb(64,64,64)"" stroke-width=""1.5""/>
            <line fill=""none"" x1=""22"" x2=""22"" y1=""83"" y2=""85""
                  stroke=""rgb(64,64,64)"" stroke-width=""1.5""/>
            <line fill=""none"" x1=""22"" x2=""44"" y1=""83"" y2=""83""
                  stroke=""rgb(64,64,64)"" stroke-width=""1.5""/>
            <line fill=""none"" x1=""44"" x2=""44"" y1=""83"" y2=""85""
                  stroke=""rgb(64,64,64)"" stroke-width=""1.5""/>
            <line fill=""none"" x1=""0"" x2=""0"" y1=""84"" y2=""85""
                  stroke=""rgb(64,64,64)"" stroke-width=""1.5""/>
            <line fill=""none"" x1=""0"" x2=""22"" y1=""84"" y2=""84""
                  stroke=""rgb(64,64,64)"" stroke-width=""1.5""/>
            <line fill=""none"" x1=""22"" x2=""22"" y1=""84"" y2=""85""
                  stroke=""rgb(64,64,64)"" stroke-width=""1.5""/>
        </g>
    </g>
</svg>"
"NO2","NO2",0.000016308587424687557,0.0003245929408047,0.00009290001037723971,0.00006583352107206857,0.000000004334052496746496,1.5466407101974011,1.8385049195474248,0.018022602013184504,170,0,0,0,0.0000739192173529201,364,"
<svg stroke-dasharray=""none"" shape-rendering=""auto""
     xmlns=""http://www.w3.org/2000/svg"" font-family=""&apos;Dialog&apos;""
     width=""200"" text-rendering=""auto"" fill-opacity=""1""
     contentScriptType=""text/ecmascript"" color-interpolation=""auto""
     color-rendering=""auto"" preserveAspectRatio=""xMidYMid meet"" font-size=""12px""
     fill=""black"" xmlns:xlink=""http://www.w3.org/1999/xlink"" stroke=""black""
     image-rendering=""auto"" stroke-miterlimit=""10"" zoomAndPan=""magnify""
     version=""1.0"" stroke-linecap=""square"" stroke-linejoin=""miter""
     contentStyleType=""text/css"" font-style=""normal"" height=""100""
     stroke-width=""1"" stroke-dashoffset=""0"" font-weight=""normal""
     stroke-opacity=""1"">
    <!--Generated by the Batik Graphics2D SVG Generator-->
    <defs id=""genericDefs""/>
    <g>
        <g fill=""rgb(170,204,255)"" stroke=""rgb(170,204,255)"">
            <rect x=""175"" width=""25"" height=""1"" y=""84"" stroke=""none""/>
            <rect x=""150"" width=""25"" height=""5"" y=""80"" stroke=""none""/>
            <rect x=""125"" width=""25"" height=""3"" y=""82"" stroke=""none""/>
            <rect x=""100"" width=""25"" height=""3"" y=""82"" stroke=""none""/>
            <rect x=""75"" width=""25"" height=""7"" y=""78"" stroke=""none""/>
            <rect x=""50"" width=""25"" height=""15"" y=""70"" stroke=""none""/>
            <rect x=""25"" width=""25"" height=""29"" y=""56"" stroke=""none""/>
            <rect x=""0"" width=""25"" height=""26"" y=""59"" stroke=""none""/>
            <line y2=""85"" fill=""none"" x1=""0"" x2=""200"" stroke=""rgb(64,64,64)""
                  y1=""85""/>
            <line fill=""none"" x1=""175"" x2=""175"" y1=""84"" y2=""85""
                  stroke=""rgb(64,64,64)"" stroke-width=""1.5""/>
            <line fill=""none"" x1=""175"" x2=""200"" y1=""84"" y2=""84""
                  stroke=""rgb(64,64,64)"" stroke-width=""1.5""/>
            <line fill=""none"" x1=""200"" x2=""200"" y1=""84"" y2=""85""
                  stroke=""rgb(64,64,64)"" stroke-width=""1.5""/>
            <line fill=""none"" x1=""150"" x2=""150"" y1=""80"" y2=""85""
                  stroke=""rgb(64,64,64)"" stroke-width=""1.5""/>
            <line fill=""none"" x1=""150"" x2=""175"" y1=""80"" y2=""80""
                  stroke=""rgb(64,64,64)"" stroke-width=""1.5""/>
            <line fill=""none"" x1=""175"" x2=""175"" y1=""80"" y2=""85""
                  stroke=""rgb(64,64,64)"" stroke-width=""1.5""/>
            <line fill=""none"" x1=""125"" x2=""125"" y1=""82"" y2=""85""
                  stroke=""rgb(64,64,64)"" stroke-width=""1.5""/>
            <line fill=""none"" x1=""125"" x2=""150"" y1=""82"" y2=""82""
                  stroke=""rgb(64,64,64)"" stroke-width=""1.5""/>
            <line fill=""none"" x1=""150"" x2=""150"" y1=""82"" y2=""85""
                  stroke=""rgb(64,64,64)"" stroke-width=""1.5""/>
            <line fill=""none"" x1=""100"" x2=""100"" y1=""82"" y2=""85""
                  stroke=""rgb(64,64,64)"" stroke-width=""1.5""/>
            <line fill=""none"" x1=""100"" x2=""125"" y1=""82"" y2=""82""
                  stroke=""rgb(64,64,64)"" stroke-width=""1.5""/>
            <line fill=""none"" x1=""125"" x2=""125"" y1=""82"" y2=""85""
                  stroke=""rgb(64,64,64)"" stroke-width=""1.5""/>
            <line fill=""none"" x1=""75"" x2=""75"" y1=""78"" y2=""85""
                  stroke=""rgb(64,64,64)"" stroke-width=""1.5""/>
            <line fill=""none"" x1=""75"" x2=""100"" y1=""78"" y2=""78""
                  stroke=""rgb(64,64,64)"" stroke-width=""1.5""/>
            <line fill=""none"" x1=""100"" x2=""100"" y1=""78"" y2=""85""
                  stroke=""rgb(64,64,64)"" stroke-width=""1.5""/>
            <line fill=""none"" x1=""50"" x2=""50"" y1=""70"" y2=""85""
                  stroke=""rgb(64,64,64)"" stroke-width=""1.5""/>
            <line fill=""none"" x1=""50"" x2=""75"" y1=""70"" y2=""70""
                  stroke=""rgb(64,64,64)"" stroke-width=""1.5""/>
            <line fill=""none"" x1=""75"" x2=""75"" y1=""70"" y2=""85""
                  stroke=""rgb(64,64,64)"" stroke-width=""1.5""/>
            <line fill=""none"" x1=""25"" x2=""25"" y1=""56"" y2=""85""
                  stroke=""rgb(64,64,64)"" stroke-width=""1.5""/>
            <line fill=""none"" x1=""25"" x2=""50"" y1=""56"" y2=""56""
                  stroke=""rgb(64,64,64)"" stroke-width=""1.5""/>
            <line fill=""none"" x1=""50"" x2=""50"" y1=""56"" y2=""85""
                  stroke=""rgb(64,64,64)"" stroke-width=""1.5""/>
            <line fill=""none"" x1=""0"" x2=""0"" y1=""59"" y2=""85""
                  stroke=""rgb(64,64,64)"" stroke-width=""1.5""/>
            <line fill=""none"" x1=""0"" x2=""25"" y1=""59"" y2=""59""
                  stroke=""rgb(64,64,64)"" stroke-width=""1.5""/>
            <line fill=""none"" x1=""25"" x2=""25"" y1=""59"" y2=""85""
                  stroke=""rgb(64,64,64)"" stroke-width=""1.5""/>
            <line fill=""none"" x1=""3"" x2=""3"" y1=""85"" y2=""90"" stroke=""black""
                  stroke-width=""1.5""/>
            <line fill=""none"" x1=""196"" x2=""196"" y1=""85"" y2=""90"" stroke=""black""
                  stroke-width=""1.5""/>
            <text fill=""black"" x=""4"" xml:space=""preserve"" stroke-width=""1.5""
                  y=""100"" stroke=""none"">0</text><text fill=""black"" x=""158""
                  xml:space=""preserve"" stroke-width=""1.5"" y=""100"" stroke=""none"">0.0003</text>
        </g>
    </g>
</svg>"
"HCHO","HCHO",-0.0001219250284908,0.0005875162839125,0.00018098735530984998,0.000108338609273,0.000000011737254259207761,0.159197184798239,1.1551919735255936,0.034568584864181344,173,0,0,0,0.0001785671921306,364,"
<svg stroke-dasharray=""none"" shape-rendering=""auto""
     xmlns=""http://www.w3.org/2000/svg"" font-family=""&apos;Dialog&apos;""
     width=""200"" text-rendering=""auto"" fill-opacity=""1""
     contentScriptType=""text/ecmascript"" color-interpolation=""auto""
     color-rendering=""auto"" preserveAspectRatio=""xMidYMid meet"" font-size=""12px""
     fill=""black"" xmlns:xlink=""http://www.w3.org/1999/xlink"" stroke=""black""
     image-rendering=""auto"" stroke-miterlimit=""10"" zoomAndPan=""magnify""
     version=""1.0"" stroke-linecap=""square"" stroke-linejoin=""miter""
     contentStyleType=""text/css"" font-style=""normal"" height=""100""
     stroke-width=""1"" stroke-dashoffset=""0"" font-weight=""normal""
     stroke-opacity=""1"">
    <!--Generated by the Batik Graphics2D SVG Generator-->
    <defs id=""genericDefs""/>
    <g>
        <g fill=""rgb(170,204,255)"" stroke=""rgb(170,204,255)"">
            <rect x=""177"" width=""23"" height=""1"" y=""84"" stroke=""none""/>
            <rect x=""155"" width=""23"" height=""1"" y=""84"" stroke=""none""/>
            <rect x=""133"" width=""23"" height=""4"" y=""81"" stroke=""none""/>
            <rect x=""111"" width=""23"" height=""10"" y=""75"" stroke=""none""/>
            <rect x=""88"" width=""23"" height=""24"" y=""61"" stroke=""none""/>
            <rect x=""66"" width=""23"" height=""25"" y=""60"" stroke=""none""/>
            <rect x=""44"" width=""23"" height=""19"" y=""66"" stroke=""none""/>
            <rect x=""22"" width=""23"" height=""4"" y=""81"" stroke=""none""/>
            <rect x=""0"" width=""23"" height=""3"" y=""82"" stroke=""none""/>
            <line y2=""85"" fill=""none"" x1=""0"" x2=""200"" stroke=""rgb(64,64,64)""
                  y1=""85""/>
            <line fill=""none"" x1=""177"" x2=""177"" y1=""84"" y2=""85""
                  stroke=""rgb(64,64,64)"" stroke-width=""1.5""/>
            <line fill=""none"" x1=""177"" x2=""200"" y1=""84"" y2=""84""
                  stroke=""rgb(64,64,64)"" stroke-width=""1.5""/>
            <line fill=""none"" x1=""200"" x2=""200"" y1=""84"" y2=""85""
                  stroke=""rgb(64,64,64)"" stroke-width=""1.5""/>
            <line fill=""none"" x1=""155"" x2=""155"" y1=""84"" y2=""85""
                  stroke=""rgb(64,64,64)"" stroke-width=""1.5""/>
            <line fill=""none"" x1=""155"" x2=""177"" y1=""84"" y2=""84""
                  stroke=""rgb(64,64,64)"" stroke-width=""1.5""/>
            <line fill=""none"" x1=""177"" x2=""177"" y1=""84"" y2=""85""
                  stroke=""rgb(64,64,64)"" stroke-width=""1.5""/>
            <line fill=""none"" x1=""133"" x2=""133"" y1=""81"" y2=""85""
                  stroke=""rgb(64,64,64)"" stroke-width=""1.5""/>
            <line fill=""none"" x1=""133"" x2=""155"" y1=""81"" y2=""81""
                  stroke=""rgb(64,64,64)"" stroke-width=""1.5""/>
            <line fill=""none"" x1=""155"" x2=""155"" y1=""81"" y2=""85""
                  stroke=""rgb(64,64,64)"" stroke-width=""1.5""/>
            <line fill=""none"" x1=""111"" x2=""111"" y1=""75"" y2=""85""
                  stroke=""rgb(64,64,64)"" stroke-width=""1.5""/>
            <line fill=""none"" x1=""111"" x2=""133"" y1=""75"" y2=""75""
                  stroke=""rgb(64,64,64)"" stroke-width=""1.5""/>
            <line fill=""none"" x1=""133"" x2=""133"" y1=""75"" y2=""85""
                  stroke=""rgb(64,64,64)"" stroke-width=""1.5""/>
            <line fill=""none"" x1=""88"" x2=""88"" y1=""61"" y2=""85""
                  stroke=""rgb(64,64,64)"" stroke-width=""1.5""/>
            <line fill=""none"" x1=""88"" x2=""111"" y1=""61"" y2=""61""
                  stroke=""rgb(64,64,64)"" stroke-width=""1.5""/>
            <line fill=""none"" x1=""111"" x2=""111"" y1=""61"" y2=""85""
                  stroke=""rgb(64,64,64)"" stroke-width=""1.5""/>
            <line fill=""none"" x1=""66"" x2=""66"" y1=""60"" y2=""85""
                  stroke=""rgb(64,64,64)"" stroke-width=""1.5""/>
            <line fill=""none"" x1=""66"" x2=""88"" y1=""60"" y2=""60""
                  stroke=""rgb(64,64,64)"" stroke-width=""1.5""/>
            <line fill=""none"" x1=""88"" x2=""88"" y1=""60"" y2=""85""
                  stroke=""rgb(64,64,64)"" stroke-width=""1.5""/>
            <line fill=""none"" x1=""44"" x2=""44"" y1=""66"" y2=""85""
                  stroke=""rgb(64,64,64)"" stroke-width=""1.5""/>
            <line fill=""none"" x1=""44"" x2=""66"" y1=""66"" y2=""66""
                  stroke=""rgb(64,64,64)"" stroke-width=""1.5""/>
            <line fill=""none"" x1=""66"" x2=""66"" y1=""66"" y2=""85""
                  stroke=""rgb(64,64,64)"" stroke-width=""1.5""/>
            <line fill=""none"" x1=""22"" x2=""22"" y1=""81"" y2=""85""
                  stroke=""rgb(64,64,64)"" stroke-width=""1.5""/>
            <line fill=""none"" x1=""22"" x2=""44"" y1=""81"" y2=""81""
                  stroke=""rgb(64,64,64)"" stroke-width=""1.5""/>
            <line fill=""none"" x1=""44"" x2=""44"" y1=""81"" y2=""85""
                  stroke=""rgb(64,64,64)"" stroke-width=""1.5""/>
            <line fill=""none"" x1=""0"" x2=""0"" y1=""82"" y2=""85""
                  stroke=""rgb(64,64,64)"" stroke-width=""1.5""/>
            <line fill=""none"" x1=""0"" x2=""22"" y1=""82"" y2=""82""
                  stroke=""rgb(64,64,64)"" stroke-width=""1.5""/>
            <line fill=""none"" x1=""22"" x2=""22"" y1=""82"" y2=""85""
                  stroke=""rgb(64,64,64)"" stroke-width=""1.5""/>
            <line fill=""none"" x1=""0"" x2=""0"" y1=""85"" y2=""90"" stroke=""black""
                  stroke-width=""1.5""/>
            <line fill=""none"" x1=""197"" x2=""197"" y1=""85"" y2=""90"" stroke=""black""
                  stroke-width=""1.5""/>
            <text fill=""black"" x=""1"" xml:space=""preserve"" stroke-width=""1.5""
                  y=""100"" stroke=""none"">-0.0001</text><text fill=""black"" x=""159""
                  xml:space=""preserve"" stroke-width=""1.5"" y=""100"" stroke=""none"">0.0006</text>
        </g>
    </g>
</svg>"
"O3","O3",0.1101536500163382,0.1603103816124579,0.11779456098891035,0.003864165443692506,0.000014931774576227302,3.8275827930642436,39.344463090777595,42.87722019996337,0,0,0,0,0.11750087448134075,364,"
<svg stroke-dasharray=""none"" shape-rendering=""auto""
     xmlns=""http://www.w3.org/2000/svg"" font-family=""&apos;Dialog&apos;""
     width=""200"" text-rendering=""auto"" fill-opacity=""1""
     contentScriptType=""text/ecmascript"" color-interpolation=""auto""
     color-rendering=""auto"" preserveAspectRatio=""xMidYMid meet"" font-size=""12px""
     fill=""black"" xmlns:xlink=""http://www.w3.org/1999/xlink"" stroke=""black""
     image-rendering=""auto"" stroke-miterlimit=""10"" zoomAndPan=""magnify""
     version=""1.0"" stroke-linecap=""square"" stroke-linejoin=""miter""
     contentStyleType=""text/css"" font-style=""normal"" height=""100""
     stroke-width=""1"" stroke-dashoffset=""0"" font-weight=""normal""
     stroke-opacity=""1"">
    <!--Generated by the Batik Graphics2D SVG Generator-->
    <defs id=""genericDefs""/>
    <g>
        <g fill=""rgb(170,204,255)"" stroke=""rgb(170,204,255)"">
            <rect x=""184"" width=""16"" height=""1"" y=""84"" stroke=""none""/>
            <line y2=""85"" x1=""169"" x2=""185"" stroke=""none"" y1=""85""/>
            <line y2=""85"" x1=""153"" x2=""169"" stroke=""none"" y1=""85""/>
            <line y2=""85"" x1=""138"" x2=""154"" stroke=""none"" y1=""85""/>
            <line y2=""85"" x1=""123"" x2=""139"" stroke=""none"" y1=""85""/>
            <line y2=""85"" x1=""107"" x2=""123"" stroke=""none"" y1=""85""/>
            <line y2=""85"" x1=""92"" x2=""108"" stroke=""none"" y1=""85""/>
            <line y2=""85"" x1=""76"" x2=""92"" stroke=""none"" y1=""85""/>
            <rect x=""61"" width=""16"" height=""2"" y=""83"" stroke=""none""/>
            <rect x=""46"" width=""16"" height=""12"" y=""73"" stroke=""none""/>
            <rect x=""30"" width=""16"" height=""36"" y=""49"" stroke=""none""/>
            <rect x=""15"" width=""16"" height=""33"" y=""52"" stroke=""none""/>
            <rect x=""0"" width=""16"" height=""5"" y=""80"" stroke=""none""/>
            <line y2=""85"" fill=""none"" x1=""0"" x2=""200"" stroke=""rgb(64,64,64)""
                  y1=""85""/>
            <line fill=""none"" x1=""184"" x2=""184"" y1=""84"" y2=""85""
                  stroke=""rgb(64,64,64)"" stroke-width=""1.5""/>
            <line fill=""none"" x1=""184"" x2=""200"" y1=""84"" y2=""84""
                  stroke=""rgb(64,64,64)"" stroke-width=""1.5""/>
            <line fill=""none"" x1=""200"" x2=""200"" y1=""84"" y2=""85""
                  stroke=""rgb(64,64,64)"" stroke-width=""1.5""/>
            <line fill=""none"" x1=""169"" x2=""169"" y1=""85"" y2=""85""
                  stroke=""rgb(64,64,64)"" stroke-width=""1.5""/>
            <line fill=""none"" x1=""169"" x2=""184"" y1=""85"" y2=""85""
                  stroke=""rgb(64,64,64)"" stroke-width=""1.5""/>
            <line fill=""none"" x1=""184"" x2=""184"" y1=""85"" y2=""85""
                  stroke=""rgb(64,64,64)"" stroke-width=""1.5""/>
            <line fill=""none"" x1=""153"" x2=""153"" y1=""85"" y2=""85""
                  stroke=""rgb(64,64,64)"" stroke-width=""1.5""/>
            <line fill=""none"" x1=""153"" x2=""169"" y1=""85"" y2=""85""
                  stroke=""rgb(64,64,64)"" stroke-width=""1.5""/>
            <line fill=""none"" x1=""169"" x2=""169"" y1=""85"" y2=""85""
                  stroke=""rgb(64,64,64)"" stroke-width=""1.5""/>
            <line fill=""none"" x1=""138"" x2=""138"" y1=""85"" y2=""85""
                  stroke=""rgb(64,64,64)"" stroke-width=""1.5""/>
            <line fill=""none"" x1=""138"" x2=""153"" y1=""85"" y2=""85""
                  stroke=""rgb(64,64,64)"" stroke-width=""1.5""/>
            <line fill=""none"" x1=""153"" x2=""153"" y1=""85"" y2=""85""
                  stroke=""rgb(64,64,64)"" stroke-width=""1.5""/>
            <line fill=""none"" x1=""123"" x2=""123"" y1=""85"" y2=""85""
                  stroke=""rgb(64,64,64)"" stroke-width=""1.5""/>
            <line fill=""none"" x1=""123"" x2=""138"" y1=""85"" y2=""85""
                  stroke=""rgb(64,64,64)"" stroke-width=""1.5""/>
            <line fill=""none"" x1=""138"" x2=""138"" y1=""85"" y2=""85""
                  stroke=""rgb(64,64,64)"" stroke-width=""1.5""/>
            <line fill=""none"" x1=""107"" x2=""107"" y1=""85"" y2=""85""
                  stroke=""rgb(64,64,64)"" stroke-width=""1.5""/>
            <line fill=""none"" x1=""107"" x2=""123"" y1=""85"" y2=""85""
                  stroke=""rgb(64,64,64)"" stroke-width=""1.5""/>
            <line fill=""none"" x1=""123"" x2=""123"" y1=""85"" y2=""85""
                  stroke=""rgb(64,64,64)"" stroke-width=""1.5""/>
            <line fill=""none"" x1=""92"" x2=""92"" y1=""85"" y2=""85""
                  stroke=""rgb(64,64,64)"" stroke-width=""1.5""/>
            <line fill=""none"" x1=""92"" x2=""107"" y1=""85"" y2=""85""
                  stroke=""rgb(64,64,64)"" stroke-width=""1.5""/>
            <line fill=""none"" x1=""107"" x2=""107"" y1=""85"" y2=""85""
                  stroke=""rgb(64,64,64)"" stroke-width=""1.5""/>
            <line fill=""none"" x1=""76"" x2=""76"" y1=""85"" y2=""85""
                  stroke=""rgb(64,64,64)"" stroke-width=""1.5""/>
            <line fill=""none"" x1=""76"" x2=""92"" y1=""85"" y2=""85""
                  stroke=""rgb(64,64,64)"" stroke-width=""1.5""/>
            <line fill=""none"" x1=""92"" x2=""92"" y1=""85"" y2=""85""
                  stroke=""rgb(64,64,64)"" stroke-width=""1.5""/>
            <line fill=""none"" x1=""61"" x2=""61"" y1=""83"" y2=""85""
                  stroke=""rgb(64,64,64)"" stroke-width=""1.5""/>
            <line fill=""none"" x1=""61"" x2=""76"" y1=""83"" y2=""83""
                  stroke=""rgb(64,64,64)"" stroke-width=""1.5""/>
            <line fill=""none"" x1=""76"" x2=""76"" y1=""83"" y2=""85""
                  stroke=""rgb(64,64,64)"" stroke-width=""1.5""/>
            <line fill=""none"" x1=""46"" x2=""46"" y1=""73"" y2=""85""
                  stroke=""rgb(64,64,64)"" stroke-width=""1.5""/>
            <line fill=""none"" x1=""46"" x2=""61"" y1=""73"" y2=""73""
                  stroke=""rgb(64,64,64)"" stroke-width=""1.5""/>
            <line fill=""none"" x1=""61"" x2=""61"" y1=""73"" y2=""85""
                  stroke=""rgb(64,64,64)"" stroke-width=""1.5""/>
            <line fill=""none"" x1=""30"" x2=""30"" y1=""49"" y2=""85""
                  stroke=""rgb(64,64,64)"" stroke-width=""1.5""/>
            <line fill=""none"" x1=""30"" x2=""46"" y1=""49"" y2=""49""
                  stroke=""rgb(64,64,64)"" stroke-width=""1.5""/>
            <line fill=""none"" x1=""46"" x2=""46"" y1=""49"" y2=""85""
                  stroke=""rgb(64,64,64)"" stroke-width=""1.5""/>
            <line fill=""none"" x1=""15"" x2=""15"" y1=""52"" y2=""85""
                  stroke=""rgb(64,64,64)"" stroke-width=""1.5""/>
            <line fill=""none"" x1=""15"" x2=""30"" y1=""52"" y2=""52""
                  stroke=""rgb(64,64,64)"" stroke-width=""1.5""/>
            <line fill=""none"" x1=""30"" x2=""30"" y1=""52"" y2=""85""
                  stroke=""rgb(64,64,64)"" stroke-width=""1.5""/>
            <line fill=""none"" x1=""0"" x2=""0"" y1=""80"" y2=""85""
                  stroke=""rgb(64,64,64)"" stroke-width=""1.5""/>
            <line fill=""none"" x1=""0"" x2=""15"" y1=""80"" y2=""80""
                  stroke=""rgb(64,64,64)"" stroke-width=""1.5""/>
            <line fill=""none"" x1=""15"" x2=""15"" y1=""80"" y2=""85""
                  stroke=""rgb(64,64,64)"" stroke-width=""1.5""/>
        </g>
    </g>
</svg>"
"SO2","SO2",-0.0007383417592573,0.0034612059853705,0.00021789905762507677,0.000466404938169364,0.00000021753356634876823,2.778884258426061,14.768754408349961,0.03878603225726367,186,0,0,0,0.00014457133459480002,364,"
<svg stroke-dasharray=""none"" shape-rendering=""auto""
     xmlns=""http://www.w3.org/2000/svg"" font-family=""&apos;Dialog&apos;""
     width=""200"" text-rendering=""auto"" fill-opacity=""1""
     contentScriptType=""text/ecmascript"" color-interpolation=""auto""
     color-rendering=""auto"" preserveAspectRatio=""xMidYMid meet"" font-size=""12px""
     fill=""black"" xmlns:xlink=""http://www.w3.org/1999/xlink"" stroke=""black""
     image-rendering=""auto"" stroke-miterlimit=""10"" zoomAndPan=""magnify""
     version=""1.0"" stroke-linecap=""square"" stroke-linejoin=""miter""
     contentStyleType=""text/css"" font-style=""normal"" height=""100""
     stroke-width=""1"" stroke-dashoffset=""0"" font-weight=""normal""
     stroke-opacity=""1"">
    <!--Generated by the Batik Graphics2D SVG Generator-->
    <defs id=""genericDefs""/>
    <g>
        <g fill=""rgb(170,204,255)"" stroke=""rgb(170,204,255)"">
            <rect x=""188"" width=""12"" height=""1"" y=""84"" stroke=""none""/>
            <line y2=""85"" x1=""176"" x2=""188"" stroke=""none"" y1=""85""/>
            <line y2=""85"" x1=""164"" x2=""176"" stroke=""none"" y1=""85""/>
            <line y2=""85"" x1=""152"" x2=""164"" stroke=""none"" y1=""85""/>
            <line y2=""85"" x1=""141"" x2=""153"" stroke=""none"" y1=""85""/>
            <rect x=""129"" width=""12"" height=""1"" y=""84"" stroke=""none""/>
            <rect x=""117"" width=""12"" height=""1"" y=""84"" stroke=""none""/>
            <rect x=""105"" width=""12"" height=""1"" y=""84"" stroke=""none""/>
            <rect x=""94"" width=""12"" height=""1"" y=""84"" stroke=""none""/>
            <rect x=""82"" width=""12"" height=""1"" y=""84"" stroke=""none""/>
            <rect x=""70"" width=""12"" height=""4"" y=""81"" stroke=""none""/>
            <rect x=""58"" width=""12"" height=""6"" y=""79"" stroke=""none""/>
            <rect x=""47"" width=""12"" height=""17"" y=""68"" stroke=""none""/>
            <rect x=""35"" width=""12"" height=""36"" y=""49"" stroke=""none""/>
            <rect x=""23"" width=""12"" height=""15"" y=""70"" stroke=""none""/>
            <rect x=""11"" width=""12"" height=""5"" y=""80"" stroke=""none""/>
            <rect x=""0"" width=""12"" height=""2"" y=""83"" stroke=""none""/>
            <line y2=""85"" fill=""none"" x1=""0"" x2=""200"" stroke=""rgb(64,64,64)""
                  y1=""85""/>
            <line fill=""none"" x1=""188"" x2=""188"" y1=""84"" y2=""85""
                  stroke=""rgb(64,64,64)"" stroke-width=""1.5""/>
            <line fill=""none"" x1=""188"" x2=""200"" y1=""84"" y2=""84""
                  stroke=""rgb(64,64,64)"" stroke-width=""1.5""/>
            <line fill=""none"" x1=""200"" x2=""200"" y1=""84"" y2=""85""
                  stroke=""rgb(64,64,64)"" stroke-width=""1.5""/>
            <line fill=""none"" x1=""176"" x2=""176"" y1=""85"" y2=""85""
                  stroke=""rgb(64,64,64)"" stroke-width=""1.5""/>
            <line fill=""none"" x1=""176"" x2=""188"" y1=""85"" y2=""85""
                  stroke=""rgb(64,64,64)"" stroke-width=""1.5""/>
            <line fill=""none"" x1=""188"" x2=""188"" y1=""85"" y2=""85""
                  stroke=""rgb(64,64,64)"" stroke-width=""1.5""/>
            <line fill=""none"" x1=""164"" x2=""164"" y1=""85"" y2=""85""
                  stroke=""rgb(64,64,64)"" stroke-width=""1.5""/>
            <line fill=""none"" x1=""164"" x2=""176"" y1=""85"" y2=""85""
                  stroke=""rgb(64,64,64)"" stroke-width=""1.5""/>
            <line fill=""none"" x1=""176"" x2=""176"" y1=""85"" y2=""85""
                  stroke=""rgb(64,64,64)"" stroke-width=""1.5""/>
            <line fill=""none"" x1=""152"" x2=""152"" y1=""85"" y2=""85""
                  stroke=""rgb(64,64,64)"" stroke-width=""1.5""/>
            <line fill=""none"" x1=""152"" x2=""164"" y1=""85"" y2=""85""
                  stroke=""rgb(64,64,64)"" stroke-width=""1.5""/>
            <line fill=""none"" x1=""164"" x2=""164"" y1=""85"" y2=""85""
                  stroke=""rgb(64,64,64)"" stroke-width=""1.5""/>
            <line fill=""none"" x1=""141"" x2=""141"" y1=""85"" y2=""85""
                  stroke=""rgb(64,64,64)"" stroke-width=""1.5""/>
            <line fill=""none"" x1=""141"" x2=""152"" y1=""85"" y2=""85""
                  stroke=""rgb(64,64,64)"" stroke-width=""1.5""/>
            <line fill=""none"" x1=""152"" x2=""152"" y1=""85"" y2=""85""
                  stroke=""rgb(64,64,64)"" stroke-width=""1.5""/>
            <line fill=""none"" x1=""129"" x2=""129"" y1=""84"" y2=""85""
                  stroke=""rgb(64,64,64)"" stroke-width=""1.5""/>
            <line fill=""none"" x1=""129"" x2=""141"" y1=""84"" y2=""84""
                  stroke=""rgb(64,64,64)"" stroke-width=""1.5""/>
            <line fill=""none"" x1=""141"" x2=""141"" y1=""84"" y2=""85""
                  stroke=""rgb(64,64,64)"" stroke-width=""1.5""/>
            <line fill=""none"" x1=""117"" x2=""117"" y1=""84"" y2=""85""
                  stroke=""rgb(64,64,64)"" stroke-width=""1.5""/>
            <line fill=""none"" x1=""117"" x2=""129"" y1=""84"" y2=""84""
                  stroke=""rgb(64,64,64)"" stroke-width=""1.5""/>
            <line fill=""none"" x1=""129"" x2=""129"" y1=""84"" y2=""85""
                  stroke=""rgb(64,64,64)"" stroke-width=""1.5""/>
            <line fill=""none"" x1=""105"" x2=""105"" y1=""84"" y2=""85""
                  stroke=""rgb(64,64,64)"" stroke-width=""1.5""/>
            <line fill=""none"" x1=""105"" x2=""117"" y1=""84"" y2=""84""
                  stroke=""rgb(64,64,64)"" stroke-width=""1.5""/>
            <line fill=""none"" x1=""117"" x2=""117"" y1=""84"" y2=""85""
                  stroke=""rgb(64,64,64)"" stroke-width=""1.5""/>
            <line fill=""none"" x1=""94"" x2=""94"" y1=""84"" y2=""85""
                  stroke=""rgb(64,64,64)"" stroke-width=""1.5""/>
            <line fill=""none"" x1=""94"" x2=""105"" y1=""84"" y2=""84""
                  stroke=""rgb(64,64,64)"" stroke-width=""1.5""/>
            <line fill=""none"" x1=""105"" x2=""105"" y1=""84"" y2=""85""
                  stroke=""rgb(64,64,64)"" stroke-width=""1.5""/>
            <line fill=""none"" x1=""82"" x2=""82"" y1=""84"" y2=""85""
                  stroke=""rgb(64,64,64)"" stroke-width=""1.5""/>
            <line fill=""none"" x1=""82"" x2=""94"" y1=""84"" y2=""84""
                  stroke=""rgb(64,64,64)"" stroke-width=""1.5""/>
            <line fill=""none"" x1=""94"" x2=""94"" y1=""84"" y2=""85""
                  stroke=""rgb(64,64,64)"" stroke-width=""1.5""/>
            <line fill=""none"" x1=""70"" x2=""70"" y1=""81"" y2=""85""
                  stroke=""rgb(64,64,64)"" stroke-width=""1.5""/>
            <line fill=""none"" x1=""70"" x2=""82"" y1=""81"" y2=""81""
                  stroke=""rgb(64,64,64)"" stroke-width=""1.5""/>
            <line fill=""none"" x1=""82"" x2=""82"" y1=""81"" y2=""85""
                  stroke=""rgb(64,64,64)"" stroke-width=""1.5""/>
            <line fill=""none"" x1=""58"" x2=""58"" y1=""79"" y2=""85""
                  stroke=""rgb(64,64,64)"" stroke-width=""1.5""/>
            <line fill=""none"" x1=""58"" x2=""70"" y1=""79"" y2=""79""
                  stroke=""rgb(64,64,64)"" stroke-width=""1.5""/>
            <line fill=""none"" x1=""70"" x2=""70"" y1=""79"" y2=""85""
                  stroke=""rgb(64,64,64)"" stroke-width=""1.5""/>
            <line fill=""none"" x1=""47"" x2=""47"" y1=""68"" y2=""85""
                  stroke=""rgb(64,64,64)"" stroke-width=""1.5""/>
            <line fill=""none"" x1=""47"" x2=""58"" y1=""68"" y2=""68""
                  stroke=""rgb(64,64,64)"" stroke-width=""1.5""/>
            <line fill=""none"" x1=""58"" x2=""58"" y1=""68"" y2=""85""
                  stroke=""rgb(64,64,64)"" stroke-width=""1.5""/>
            <line fill=""none"" x1=""35"" x2=""35"" y1=""49"" y2=""85""
                  stroke=""rgb(64,64,64)"" stroke-width=""1.5""/>
            <line fill=""none"" x1=""35"" x2=""47"" y1=""49"" y2=""49""
                  stroke=""rgb(64,64,64)"" stroke-width=""1.5""/>
            <line fill=""none"" x1=""47"" x2=""47"" y1=""49"" y2=""85""
                  stroke=""rgb(64,64,64)"" stroke-width=""1.5""/>
            <line fill=""none"" x1=""23"" x2=""23"" y1=""70"" y2=""85""
                  stroke=""rgb(64,64,64)"" stroke-width=""1.5""/>
            <line fill=""none"" x1=""23"" x2=""35"" y1=""70"" y2=""70""
                  stroke=""rgb(64,64,64)"" stroke-width=""1.5""/>
            <line fill=""none"" x1=""35"" x2=""35"" y1=""70"" y2=""85""
                  stroke=""rgb(64,64,64)"" stroke-width=""1.5""/>
            <line fill=""none"" x1=""11"" x2=""11"" y1=""80"" y2=""85""
                  stroke=""rgb(64,64,64)"" stroke-width=""1.5""/>
            <line fill=""none"" x1=""11"" x2=""23"" y1=""80"" y2=""80""
                  stroke=""rgb(64,64,64)"" stroke-width=""1.5""/>
            <line fill=""none"" x1=""23"" x2=""23"" y1=""80"" y2=""85""
                  stroke=""rgb(64,64,64)"" stroke-width=""1.5""/>
            <line fill=""none"" x1=""0"" x2=""0"" y1=""83"" y2=""85""
                  stroke=""rgb(64,64,64)"" stroke-width=""1.5""/>
            <line fill=""none"" x1=""0"" x2=""11"" y1=""83"" y2=""83""
                  stroke=""rgb(64,64,64)"" stroke-width=""1.5""/>
            <line fill=""none"" x1=""11"" x2=""11"" y1=""83"" y2=""85""
                  stroke=""rgb(64,64,64)"" stroke-width=""1.5""/>
        </g>
    </g>
</svg>"
"CH4","CH4",1792.9052691259876,1890.1227890200228,1862.6584147387691,30.17973073156918,910.8161470300212,-1.4533154818145364,1.5521497312281103,24214.559391603998,351,0,0,0,1867.2893503179955,364,"
<svg stroke-dasharray=""none"" shape-rendering=""auto""
     xmlns=""http://www.w3.org/2000/svg"" font-family=""&apos;Dialog&apos;""
     width=""200"" text-rendering=""auto"" fill-opacity=""1""
     contentScriptType=""text/ecmascript"" color-interpolation=""auto""
     color-rendering=""auto"" preserveAspectRatio=""xMidYMid meet"" font-size=""12px""
     fill=""black"" xmlns:xlink=""http://www.w3.org/1999/xlink"" stroke=""black""
     image-rendering=""auto"" stroke-miterlimit=""10"" zoomAndPan=""magnify""
     version=""1.0"" stroke-linecap=""square"" stroke-linejoin=""miter""
     contentStyleType=""text/css"" font-style=""normal"" height=""100""
     stroke-width=""1"" stroke-dashoffset=""0"" font-weight=""normal""
     stroke-opacity=""1"">
    <!--Generated by the Batik Graphics2D SVG Generator-->
    <defs id=""genericDefs""/>
    <g>
        <g fill=""rgb(170,204,255)"" stroke=""rgb(170,204,255)"">
            <rect x=""180"" width=""20"" height=""33"" y=""52"" stroke=""none""/>
            <rect x=""160"" width=""20"" height=""7"" y=""78"" stroke=""none""/>
            <rect x=""140"" width=""20"" height=""14"" y=""71"" stroke=""none""/>
            <rect x=""120"" width=""20"" height=""20"" y=""65"" stroke=""none""/>
            <line y2=""85"" x1=""100"" x2=""120"" stroke=""none"" y1=""85""/>
            <line y2=""85"" x1=""80"" x2=""100"" stroke=""none"" y1=""85""/>
            <line y2=""85"" x1=""60"" x2=""80"" stroke=""none"" y1=""85""/>
            <line y2=""85"" x1=""40"" x2=""60"" stroke=""none"" y1=""85""/>
            <rect x=""20"" width=""20"" height=""7"" y=""78"" stroke=""none""/>
            <rect x=""0"" width=""20"" height=""7"" y=""78"" stroke=""none""/>
            <line y2=""85"" fill=""none"" x1=""0"" x2=""200"" stroke=""rgb(64,64,64)""
                  y1=""85""/>
            <line fill=""none"" x1=""180"" x2=""180"" y1=""52"" y2=""85""
                  stroke=""rgb(64,64,64)"" stroke-width=""1.5""/>
            <line fill=""none"" x1=""180"" x2=""200"" y1=""52"" y2=""52""
                  stroke=""rgb(64,64,64)"" stroke-width=""1.5""/>
            <line fill=""none"" x1=""200"" x2=""200"" y1=""52"" y2=""85""
                  stroke=""rgb(64,64,64)"" stroke-width=""1.5""/>
            <line fill=""none"" x1=""160"" x2=""160"" y1=""78"" y2=""85""
                  stroke=""rgb(64,64,64)"" stroke-width=""1.5""/>
            <line fill=""none"" x1=""160"" x2=""180"" y1=""78"" y2=""78""
                  stroke=""rgb(64,64,64)"" stroke-width=""1.5""/>
            <line fill=""none"" x1=""180"" x2=""180"" y1=""78"" y2=""85""
                  stroke=""rgb(64,64,64)"" stroke-width=""1.5""/>
            <line fill=""none"" x1=""140"" x2=""140"" y1=""71"" y2=""85""
                  stroke=""rgb(64,64,64)"" stroke-width=""1.5""/>
            <line fill=""none"" x1=""140"" x2=""160"" y1=""71"" y2=""71""
                  stroke=""rgb(64,64,64)"" stroke-width=""1.5""/>
            <line fill=""none"" x1=""160"" x2=""160"" y1=""71"" y2=""85""
                  stroke=""rgb(64,64,64)"" stroke-width=""1.5""/>
            <line fill=""none"" x1=""120"" x2=""120"" y1=""65"" y2=""85""
                  stroke=""rgb(64,64,64)"" stroke-width=""1.5""/>
            <line fill=""none"" x1=""120"" x2=""140"" y1=""65"" y2=""65""
                  stroke=""rgb(64,64,64)"" stroke-width=""1.5""/>
            <line fill=""none"" x1=""140"" x2=""140"" y1=""65"" y2=""85""
                  stroke=""rgb(64,64,64)"" stroke-width=""1.5""/>
            <line fill=""none"" x1=""100"" x2=""100"" y1=""85"" y2=""85""
                  stroke=""rgb(64,64,64)"" stroke-width=""1.5""/>
            <line fill=""none"" x1=""100"" x2=""120"" y1=""85"" y2=""85""
                  stroke=""rgb(64,64,64)"" stroke-width=""1.5""/>
            <line fill=""none"" x1=""120"" x2=""120"" y1=""85"" y2=""85""
                  stroke=""rgb(64,64,64)"" stroke-width=""1.5""/>
            <line fill=""none"" x1=""80"" x2=""80"" y1=""85"" y2=""85""
                  stroke=""rgb(64,64,64)"" stroke-width=""1.5""/>
            <line fill=""none"" x1=""80"" x2=""100"" y1=""85"" y2=""85""
                  stroke=""rgb(64,64,64)"" stroke-width=""1.5""/>
            <line fill=""none"" x1=""100"" x2=""100"" y1=""85"" y2=""85""
                  stroke=""rgb(64,64,64)"" stroke-width=""1.5""/>
            <line fill=""none"" x1=""60"" x2=""60"" y1=""85"" y2=""85""
                  stroke=""rgb(64,64,64)"" stroke-width=""1.5""/>
            <line fill=""none"" x1=""60"" x2=""80"" y1=""85"" y2=""85""
                  stroke=""rgb(64,64,64)"" stroke-width=""1.5""/>
            <line fill=""none"" x1=""80"" x2=""80"" y1=""85"" y2=""85""
                  stroke=""rgb(64,64,64)"" stroke-width=""1.5""/>
            <line fill=""none"" x1=""40"" x2=""40"" y1=""85"" y2=""85""
                  stroke=""rgb(64,64,64)"" stroke-width=""1.5""/>
            <line fill=""none"" x1=""40"" x2=""60"" y1=""85"" y2=""85""
                  stroke=""rgb(64,64,64)"" stroke-width=""1.5""/>
            <line fill=""none"" x1=""60"" x2=""60"" y1=""85"" y2=""85""
                  stroke=""rgb(64,64,64)"" stroke-width=""1.5""/>
            <line fill=""none"" x1=""20"" x2=""20"" y1=""78"" y2=""85""
                  stroke=""rgb(64,64,64)"" stroke-width=""1.5""/>
            <line fill=""none"" x1=""20"" x2=""40"" y1=""78"" y2=""78""
                  stroke=""rgb(64,64,64)"" stroke-width=""1.5""/>
            <line fill=""none"" x1=""40"" x2=""40"" y1=""78"" y2=""85""
                  stroke=""rgb(64,64,64)"" stroke-width=""1.5""/>
            <line fill=""none"" x1=""0"" x2=""0"" y1=""78"" y2=""85""
                  stroke=""rgb(64,64,64)"" stroke-width=""1.5""/>
            <line fill=""none"" x1=""0"" x2=""20"" y1=""78"" y2=""78""
                  stroke=""rgb(64,64,64)"" stroke-width=""1.5""/>
            <line fill=""none"" x1=""20"" x2=""20"" y1=""78"" y2=""85""
                  stroke=""rgb(64,64,64)"" stroke-width=""1.5""/>
        </g>
    </g>
</svg>"
