,mean,std,min,max
id,25.756756756756758,12.645608384392245,3.0,46.0
abs_energy,1677.0482653830645,10201.086346934087,2.36372973e-08,62050.785800000005
auc,118.29153992375072,719.4680470800693,0.0025893211585767,4376.365
autocorr,6.594594594594595,7.123745345515078,1.0,42.0
average_power,4.594652781941135,27.948181772410376,6.47597e-11,170.00215287671233
calc_centroid,177.28719100320703,30.615465071538306,69.62230140618729,226.0440675097513
calc_max,0.7727697318042173,4.700155721559512,1.50682280946e-05,28.59
calc_mean,0.32391836581709205,1.9701142117400363,7.0971171173e-06,11.983770491803275
calc_median,0.2646263259784857,1.609460724262129,6.9764698764e-06,9.79
calc_min,0.17270560362917814,1.0505090387420029,-1.07426649265e-05,6.39
calc_std,0.1376298404303833,0.8370924867064535,3.7701072064e-06,5.091847495752753
calc_var,0.7007273223502491,4.262357899173034,1.42137e-11,25.926910920003586
dfa,0.969760418565162,0.12613344549116057,0.7171335373279403,1.2580925117187471
distance,358.1621621621622,77.86545144368282,131.0,707.0
ecdf,0.016402189890086277,0.004966222866684494,0.0150273224043715,0.0416666666666666
ecdf_percentile,0.30868113399382824,1.8774309461732492,6.9832560711e-06,11.42
ecdf_percentile_count,174.5,25.489649315402954,65.5,182.5
ecdf_slope,33741.53319721064,19336.65875561503,0.1358695652173911,95097.9310451718
entropy,0.9955892198992881,0.013482520541119446,0.9334488056994836,1.0000000000000002
fundamental_frequency,0.0035423884504092408,0.0015329844553889803,0.0027322404371584,0.0086206896551724
higuchi_fractal_dimension,1.8504476270911343,0.07365617042060969,1.611948631393908,1.9756109215086783
hist_mode,0.2627323663853087,1.5979531445124784,6.2406970812e-06,9.72
human_range_energy,0.0,0.0,0.0,0.0
hurst_exponent,0.8092559151329213,0.05673588131922332,0.7085123699341169,0.9407082908399412
interq_range,0.07096259220311292,0.4315445290958041,5.1372904863e-06,2.625
kurtosis,-0.09003319608024163,0.4881264789885352,-0.8815412004841527,1.3741658941777093
lempel_ziv,0.17697809924112376,0.02605999194442589,0.1092896174863388,0.2651515151515151
lpcc,0.6993676480651426,0.06188748413777665,0.56315987771456,0.8169563266315752
max_frequency,0.4368724942328553,0.015440594630214527,0.3715846994535519,0.4602739726027397
max_power_spectrum,57.99370992054682,33.10014094417285,8.958467582600164,130.50217297184935
maximum_fractal_length,-2.4330462146798064,0.8926636586981541,-2.9962525236104995,2.6375652265901985
mean_abs_deviation,0.10400313032437032,0.6325644836508206,3.0578866273e-06,3.847749708859624
mean_abs_diff,0.04013480577117472,0.24408857447538873,1.9408685519e-06,1.4847397260273971
mean_diff,0.0001429282093587946,0.000869284725450312,-5.05160568e-08,0.0052876712328767
median_abs_deviation,0.025818975912780318,0.156999653296725,2.562692714e-06,0.9549999999999992
median_abs_diff,0.0275715616456952,0.1676862922153451,7.862598876e-07,1.0200000000000005
median_diff,-0.0010812021548280623,0.006575939044373444,-0.0399999999999991,4.016578064e-07
median_frequency,0.06840140904639394,0.02407337042930634,0.0081967213114754,0.1185410334346504
mfcc,23.701410233975764,8.712278367851136,2.267015178656685,41.2743806866148
mse,0.9921389783324562,0.24590495341407786,0.0618091113921926,1.3458282002274768
negative_turning,61.08108108108108,16.26581004981235,21.0,118.0
neighbourhood_peaks,14.243243243243244,2.597064640078245,5.0,18.0
petrosian_fractal_dimension,1.0237716354074553,0.007924513242556353,1.0080207797047922,1.0470697780328848
pk_pk_distance,0.6000641281750392,3.649646682845775,1.60500563879e-05,22.2
positive_turning,61.13513513513514,16.07994292790135,21.0,117.0
power_bandwidth,0.3193429982204429,0.08614083289618708,0.1202185792349726,0.4741641337386018
rms,0.35194480895697766,2.1405779053456966,8.0363411902e-06,13.020663044569528
skewness,0.2523184438869139,0.40189482830533757,-0.2621306237547216,1.6585627340730744
slope,-0.0007749227130079027,0.004713730592855558,-0.0286724940048988,7.36604687e-08
spectral_centroid,0.1298644835747885,0.016265599154818056,0.0833057718363563,0.1625871136396188
spectral_decrease,-2.202449919917258,0.4564840833599041,-3.317550731645785,-1.312545848899621
spectral_distance,-18814.53483759767,114433.37139332297,-696072.8281753638,-0.1477864812154736
spectral_entropy,0.7374864025804402,0.10010095891921995,0.4073868112411047,0.8915628399794372
spectral_kurtosis,2.7032411701477015,0.49918232102267507,1.915206936578992,4.652586567659024
spectral_positive_turning,55.16216216216216,8.757579299966126,23.0,65.0
spectral_roll_off,0.4368724942328553,0.015440594630214527,0.3715846994535519,0.4602739726027397
spectral_roll_on,0.0,0.0,0.0,0.0
spectral_skewness,0.968126836429159,0.2070393068031473,0.5794290861622795,1.610302684361152
spectral_slope,-0.03326437802778051,0.0075704131354875906,-0.068272434444584,-0.0234100369454241
spectral_spread,0.1484582233696602,0.0074210441932521624,0.1231039041999619,0.1633977137517562
spectral_variation,0.4326103032689351,0.1615011414988067,0.1644291466434368,0.8057057777327729
spectrogram_mean_coeff,0.6380811628633105,3.8812961870741183,2.5104e-11,23.60900301599998
sum_abs_diff,14.64902996155775,89.09235910552474,0.0007025944157987,541.93
wavelet_abs_mean,0.01773536783272932,0.1078678343996662,3.498941917e-07,0.6561364263671317
wavelet_energy,0.11874305631708697,0.7221744724916358,5.4270367452e-06,4.392834125748468
wavelet_entropy,2.1393795511507943,0.0270000678369824,2.0424055990075285,2.1808386323754374
wavelet_std,0.1172715177267264,0.7132244114682447,5.4139647912e-06,4.338392872290733
wavelet_var,0.5989362141696772,3.6431867590470697,3.11373e-11,22.160639909228173
zero_cross,2.918918918918919,6.15710239560054,0.0,26.0
